2026-09-25 11:37:22.669 [] [] [] [] [schedule-pool-17903074368850] DEBUG c.a.r.s.m.C.selectConfigByContext - ==>  Preparing: select config_id, code, `group`, value, create_time, update_time, status, ver, is_delete from config WHERE update_time >= ? and is_delete != config_id
2026-09-25 11:37:22.681 [] [] [] [] [schedule-pool-17903074368850] DEBUG c.a.r.s.m.C.selectConfigByContext - ==> Parameters: 1970-01-01 08:00:00.0(Timestamp)
2026-09-25 11:43:10.368 [] [] [] [] [schedule-pool-17903077846710] DEBUG c.a.r.s.m.C.selectConfigByContext - ==>  Preparing: select config_id, code, `group`, value, create_time, update_time, status, ver, is_delete from config WHERE update_time >= ? and is_delete != config_id
2026-09-25 11:43:10.382 [] [] [] [] [schedule-pool-17903077846710] DEBUG c.a.r.s.m.C.selectConfigByContext - ==> Parameters: 1970-01-01 08:00:00.0(Timestamp)
2026-09-25 11:44:35.493 [] [] [] [] [schedule-pool-17903078697450] DEBUG c.a.r.s.m.C.selectConfigByContext - ==>  Preparing: select id, code, `group`, `value`, create_time, update_time, status, ver, is_delete from config WHERE update_time >= ? and is_delete != id
2026-09-25 11:44:35.506 [] [] [] [] [schedule-pool-17903078697450] DEBUG c.a.r.s.m.C.selectConfigByContext - ==> Parameters: 1970-01-01 08:00:00.0(Timestamp)
2026-09-25 11:44:35.521 [] [] [] [] [schedule-pool-17903078697450] DEBUG c.a.r.s.m.C.selectConfigByContext - <==      Total: 0
2026-09-25 11:44:45.534 [] [] [] [] [schedule-pool-17903078697451] DEBUG c.a.r.s.m.C.selectConfigByContext - ==>  Preparing: select id, code, `group`, `value`, create_time, update_time, status, ver, is_delete from config WHERE update_time >= ? and is_delete != id
2026-09-25 11:44:45.535 [] [] [] [] [schedule-pool-17903078697451] DEBUG c.a.r.s.m.C.selectConfigByContext - ==> Parameters: 1970-01-01 08:00:00.0(Timestamp)
2026-09-25 11:44:45.537 [] [] [] [] [schedule-pool-17903078697451] DEBUG c.a.r.s.m.C.selectConfigByContext - <==      Total: 0
2026-09-25 11:44:55.542 [] [] [] [] [schedule-pool-17903078697450] DEBUG c.a.r.s.m.C.selectConfigByContext - ==>  Preparing: select id, code, `group`, `value`, create_time, update_time, status, ver, is_delete from config WHERE update_time >= ? and is_delete != id
2026-09-25 11:44:55.542 [] [] [] [] [schedule-pool-17903078697450] DEBUG c.a.r.s.m.C.selectConfigByContext - ==> Parameters: 1970-01-01 08:00:00.0(Timestamp)
2026-09-25 11:44:55.544 [] [] [] [] [schedule-pool-17903078697450] DEBUG c.a.r.s.m.C.selectConfigByContext - <==      Total: 0
2026-09-25 11:45:05.554 [] [] [] [] [schedule-pool-17903078697451] DEBUG c.a.r.s.m.C.selectConfigByContext - ==>  Preparing: select id, code, `group`, `value`, create_time, update_time, status, ver, is_delete from config WHERE update_time >= ? and is_delete != id
2026-09-25 11:45:05.554 [] [] [] [] [schedule-pool-17903078697451] DEBUG c.a.r.s.m.C.selectConfigByContext - ==> Parameters: 1970-01-01 08:00:00.0(Timestamp)
2026-09-25 11:45:05.555 [] [] [] [] [schedule-pool-17903078697451] DEBUG c.a.r.s.m.C.selectConfigByContext - <==      Total: 0
2026-09-25 11:45:15.566 [] [] [] [] [schedule-pool-17903078697452] DEBUG c.a.r.s.m.C.selectConfigByContext - ==>  Preparing: select id, code, `group`, `value`, create_time, update_time, status, ver, is_delete from config WHERE update_time >= ? and is_delete != id
2026-09-25 11:45:15.566 [] [] [] [] [schedule-pool-17903078697452] DEBUG c.a.r.s.m.C.selectConfigByContext - ==> Parameters: 1970-01-01 08:00:00.0(Timestamp)
2026-09-25 11:45:15.567 [] [] [] [] [schedule-pool-17903078697452] DEBUG c.a.r.s.m.C.selectConfigByContext - <==      Total: 0
2026-09-25 11:45:25.579 [] [] [] [] [schedule-pool-17903078697452] DEBUG c.a.r.s.m.C.selectConfigByContext - ==>  Preparing: select id, code, `group`, `value`, create_time, update_time, status, ver, is_delete from config WHERE update_time >= ? and is_delete != id
2026-09-25 11:45:25.579 [] [] [] [] [schedule-pool-17903078697452] DEBUG c.a.r.s.m.C.selectConfigByContext - ==> Parameters: 1970-01-01 08:00:00.0(Timestamp)
2026-09-25 11:45:25.581 [] [] [] [] [schedule-pool-17903078697452] DEBUG c.a.r.s.m.C.selectConfigByContext - <==      Total: 0
2026-09-25 11:45:35.592 [] [] [] [] [schedule-pool-17903078697453] DEBUG c.a.r.s.m.C.selectConfigByContext - ==>  Preparing: select id, code, `group`, `value`, create_time, update_time, status, ver, is_delete from config WHERE update_time >= ? and is_delete != id
2026-09-25 11:45:35.592 [] [] [] [] [schedule-pool-17903078697453] DEBUG c.a.r.s.m.C.selectConfigByContext - ==> Parameters: 1970-01-01 08:00:00.0(Timestamp)
2026-09-25 11:45:35.595 [] [] [] [] [schedule-pool-17903078697453] DEBUG c.a.r.s.m.C.selectConfigByContext - <==      Total: 0
2026-09-25 11:45:45.610 [] [] [] [] [schedule-pool-17903078697451] DEBUG c.a.r.s.m.C.selectConfigByContext - ==>  Preparing: select id, code, `group`, `value`, create_time, update_time, status, ver, is_delete from config WHERE update_time >= ? and is_delete != id
2026-09-25 11:45:45.610 [] [] [] [] [schedule-pool-17903078697451] DEBUG c.a.r.s.m.C.selectConfigByContext - ==> Parameters: 1970-01-01 08:00:00.0(Timestamp)
2026-09-25 11:45:45.611 [] [] [] [] [schedule-pool-17903078697451] DEBUG c.a.r.s.m.C.selectConfigByContext - <==      Total: 0
2026-09-25 11:45:55.618 [] [] [] [] [schedule-pool-17903078697454] DEBUG c.a.r.s.m.C.selectConfigByContext - ==>  Preparing: select id, code, `group`, `value`, create_time, update_time, status, ver, is_delete from config WHERE update_time >= ? and is_delete != id
2026-09-25 11:45:55.618 [] [] [] [] [schedule-pool-17903078697454] DEBUG c.a.r.s.m.C.selectConfigByContext - ==> Parameters: 1970-01-01 08:00:00.0(Timestamp)
2026-09-25 11:45:55.619 [] [] [] [] [schedule-pool-17903078697454] DEBUG c.a.r.s.m.C.selectConfigByContext - <==      Total: 0
2026-09-25 11:46:05.622 [] [] [] [] [schedule-pool-17903078697450] DEBUG c.a.r.s.m.C.selectConfigByContext - ==>  Preparing: select id, code, `group`, `value`, create_time, update_time, status, ver, is_delete from config WHERE update_time >= ? and is_delete != id
2026-09-25 11:46:05.623 [] [] [] [] [schedule-pool-17903078697450] DEBUG c.a.r.s.m.C.selectConfigByContext - ==> Parameters: 1970-01-01 08:00:00.0(Timestamp)
2026-09-25 11:46:05.624 [] [] [] [] [schedule-pool-17903078697450] DEBUG c.a.r.s.m.C.selectConfigByContext - <==      Total: 0
2026-09-25 11:46:15.631 [] [] [] [] [schedule-pool-17903078697455] DEBUG c.a.r.s.m.C.selectConfigByContext - ==>  Preparing: select id, code, `group`, `value`, create_time, update_time, status, ver, is_delete from config WHERE update_time >= ? and is_delete != id
2026-09-25 11:46:15.632 [] [] [] [] [schedule-pool-17903078697455] DEBUG c.a.r.s.m.C.selectConfigByContext - ==> Parameters: 1970-01-01 08:00:00.0(Timestamp)
2026-09-25 11:46:15.633 [] [] [] [] [schedule-pool-17903078697455] DEBUG c.a.r.s.m.C.selectConfigByContext - <==      Total: 0
2026-09-25 11:46:25.643 [] [] [] [] [schedule-pool-17903078697452] DEBUG c.a.r.s.m.C.selectConfigByContext - ==>  Preparing: select id, code, `group`, `value`, create_time, update_time, status, ver, is_delete from config WHERE update_time >= ? and is_delete != id
2026-09-25 11:46:25.644 [] [] [] [] [schedule-pool-17903078697452] DEBUG c.a.r.s.m.C.selectConfigByContext - ==> Parameters: 1970-01-01 08:00:00.0(Timestamp)
2026-09-25 11:46:25.645 [] [] [] [] [schedule-pool-17903078697452] DEBUG c.a.r.s.m.C.selectConfigByContext - <==      Total: 0
2026-09-25 11:46:35.658 [] [] [] [] [schedule-pool-17903078697456] DEBUG c.a.r.s.m.C.selectConfigByContext - ==>  Preparing: select id, code, `group`, `value`, create_time, update_time, status, ver, is_delete from config WHERE update_time >= ? and is_delete != id
2026-09-25 11:46:35.658 [] [] [] [] [schedule-pool-17903078697456] DEBUG c.a.r.s.m.C.selectConfigByContext - ==> Parameters: 1970-01-01 08:00:00.0(Timestamp)
2026-09-25 11:46:35.659 [] [] [] [] [schedule-pool-17903078697456] DEBUG c.a.r.s.m.C.selectConfigByContext - <==      Total: 0
2026-09-25 11:46:45.666 [] [] [] [] [schedule-pool-17903078697453] DEBUG c.a.r.s.m.C.selectConfigByContext - ==>  Preparing: select id, code, `group`, `value`, create_time, update_time, status, ver, is_delete from config WHERE update_time >= ? and is_delete != id
2026-09-25 11:46:45.666 [] [] [] [] [schedule-pool-17903078697453] DEBUG c.a.r.s.m.C.selectConfigByContext - ==> Parameters: 1970-01-01 08:00:00.0(Timestamp)
2026-09-25 11:46:45.667 [] [] [] [] [schedule-pool-17903078697453] DEBUG c.a.r.s.m.C.selectConfigByContext - <==      Total: 0
2026-09-25 11:46:55.680 [] [] [] [] [schedule-pool-17903078697457] DEBUG c.a.r.s.m.C.selectConfigByContext - ==>  Preparing: select id, code, `group`, `value`, create_time, update_time, status, ver, is_delete from config WHERE update_time >= ? and is_delete != id
2026-09-25 11:46:55.681 [] [] [] [] [schedule-pool-17903078697457] DEBUG c.a.r.s.m.C.selectConfigByContext - ==> Parameters: 1970-01-01 08:00:00.0(Timestamp)
2026-09-25 11:46:55.684 [] [] [] [] [schedule-pool-17903078697457] DEBUG c.a.r.s.m.C.selectConfigByContext - <==      Total: 0
2026-09-25 11:47:05.697 [] [] [] [] [schedule-pool-17903078697451] DEBUG c.a.r.s.m.C.selectConfigByContext - ==>  Preparing: select id, code, `group`, `value`, create_time, update_time, status, ver, is_delete from config WHERE update_time >= ? and is_delete != id
2026-09-25 11:47:05.697 [] [] [] [] [schedule-pool-17903078697451] DEBUG c.a.r.s.m.C.selectConfigByContext - ==> Parameters: 1970-01-01 08:00:00.0(Timestamp)
2026-09-25 11:47:05.701 [] [] [] [] [schedule-pool-17903078697451] DEBUG c.a.r.s.m.C.selectConfigByContext - <==      Total: 0
2026-09-25 11:47:15.714 [] [] [] [] [schedule-pool-17903078697451] DEBUG c.a.r.s.m.C.selectConfigByContext - ==>  Preparing: select id, code, `group`, `value`, create_time, update_time, status, ver, is_delete from config WHERE update_time >= ? and is_delete != id
2026-09-25 11:47:15.714 [] [] [] [] [schedule-pool-17903078697451] DEBUG c.a.r.s.m.C.selectConfigByContext - ==> Parameters: 1970-01-01 08:00:00.0(Timestamp)
2026-09-25 11:47:15.716 [] [] [] [] [schedule-pool-17903078697451] DEBUG c.a.r.s.m.C.selectConfigByContext - <==      Total: 0
2026-09-25 11:47:25.731 [] [] [] [] [schedule-pool-17903078697454] DEBUG c.a.r.s.m.C.selectConfigByContext - ==>  Preparing: select id, code, `group`, `value`, create_time, update_time, status, ver, is_delete from config WHERE update_time >= ? and is_delete != id
2026-09-25 11:47:25.732 [] [] [] [] [schedule-pool-17903078697454] DEBUG c.a.r.s.m.C.selectConfigByContext - ==> Parameters: 1970-01-01 08:00:00.0(Timestamp)
2026-09-25 11:47:25.733 [] [] [] [] [schedule-pool-17903078697454] DEBUG c.a.r.s.m.C.selectConfigByContext - <==      Total: 0
2026-09-25 11:47:35.743 [] [] [] [] [schedule-pool-17903078697459] DEBUG c.a.r.s.m.C.selectConfigByContext - ==>  Preparing: select id, code, `group`, `value`, create_time, update_time, status, ver, is_delete from config WHERE update_time >= ? and is_delete != id
2026-09-25 11:47:35.744 [] [] [] [] [schedule-pool-17903078697459] DEBUG c.a.r.s.m.C.selectConfigByContext - ==> Parameters: 1970-01-01 08:00:00.0(Timestamp)
2026-09-25 11:47:35.747 [] [] [] [] [schedule-pool-17903078697459] DEBUG c.a.r.s.m.C.selectConfigByContext - <==      Total: 0
2026-09-25 11:47:45.753 [] [] [] [] [schedule-pool-17903078697459] DEBUG c.a.r.s.m.C.selectConfigByContext - ==>  Preparing: select id, code, `group`, `value`, create_time, update_time, status, ver, is_delete from config WHERE update_time >= ? and is_delete != id
2026-09-25 11:47:45.753 [] [] [] [] [schedule-pool-17903078697459] DEBUG c.a.r.s.m.C.selectConfigByContext - ==> Parameters: 1970-01-01 08:00:00.0(Timestamp)
2026-09-25 11:47:45.754 [] [] [] [] [schedule-pool-17903078697459] DEBUG c.a.r.s.m.C.selectConfigByContext - <==      Total: 0
2026-09-25 11:47:55.769 [] [] [] [] [schedule-pool-179030786974510] DEBUG c.a.r.s.m.C.selectConfigByContext - ==>  Preparing: select id, code, `group`, `value`, create_time, update_time, status, ver, is_delete from config WHERE update_time >= ? and is_delete != id
2026-09-25 11:47:55.771 [] [] [] [] [schedule-pool-179030786974510] DEBUG c.a.r.s.m.C.selectConfigByContext - ==> Parameters: 1970-01-01 08:00:00.0(Timestamp)
2026-09-25 11:47:55.772 [] [] [] [] [schedule-pool-179030786974510] DEBUG c.a.r.s.m.C.selectConfigByContext - <==      Total: 0
2026-09-25 11:48:05.777 [] [] [] [] [schedule-pool-17903078697455] DEBUG c.a.r.s.m.C.selectConfigByContext - ==>  Preparing: select id, code, `group`, `value`, create_time, update_time, status, ver, is_delete from config WHERE update_time >= ? and is_delete != id
2026-09-25 11:48:05.777 [] [] [] [] [schedule-pool-17903078697455] DEBUG c.a.r.s.m.C.selectConfigByContext - ==> Parameters: 1970-01-01 08:00:00.0(Timestamp)
2026-09-25 11:48:05.778 [] [] [] [] [schedule-pool-17903078697455] DEBUG c.a.r.s.m.C.selectConfigByContext - <==      Total: 0
2026-09-25 11:48:15.788 [] [] [] [] [schedule-pool-17903078697455] DEBUG c.a.r.s.m.C.selectConfigByContext - ==>  Preparing: select id, code, `group`, `value`, create_time, update_time, status, ver, is_delete from config WHERE update_time >= ? and is_delete != id
2026-09-25 11:48:15.789 [] [] [] [] [schedule-pool-17903078697455] DEBUG c.a.r.s.m.C.selectConfigByContext - ==> Parameters: 1970-01-01 08:00:00.0(Timestamp)
2026-09-25 11:48:15.791 [] [] [] [] [schedule-pool-17903078697455] DEBUG c.a.r.s.m.C.selectConfigByContext - <==      Total: 0
2026-09-25 11:48:25.802 [] [] [] [] [schedule-pool-17903078697452] DEBUG c.a.r.s.m.C.selectConfigByContext - ==>  Preparing: select id, code, `group`, `value`, create_time, update_time, status, ver, is_delete from config WHERE update_time >= ? and is_delete != id
2026-09-25 11:48:25.802 [] [] [] [] [schedule-pool-17903078697452] DEBUG c.a.r.s.m.C.selectConfigByContext - ==> Parameters: 1970-01-01 08:00:00.0(Timestamp)
2026-09-25 11:48:25.803 [] [] [] [] [schedule-pool-17903078697452] DEBUG c.a.r.s.m.C.selectConfigByContext - <==      Total: 0
2026-09-25 11:48:35.807 [] [] [] [] [schedule-pool-179030786974512] DEBUG c.a.r.s.m.C.selectConfigByContext - ==>  Preparing: select id, code, `group`, `value`, create_time, update_time, status, ver, is_delete from config WHERE update_time >= ? and is_delete != id
2026-09-25 11:48:35.807 [] [] [] [] [schedule-pool-179030786974512] DEBUG c.a.r.s.m.C.selectConfigByContext - ==> Parameters: 1970-01-01 08:00:00.0(Timestamp)
2026-09-25 11:48:35.808 [] [] [] [] [schedule-pool-179030786974512] DEBUG c.a.r.s.m.C.selectConfigByContext - <==      Total: 0
2026-09-25 11:48:45.822 [] [] [] [] [schedule-pool-17903078697456] DEBUG c.a.r.s.m.C.selectConfigByContext - ==>  Preparing: select id, code, `group`, `value`, create_time, update_time, status, ver, is_delete from config WHERE update_time >= ? and is_delete != id
2026-09-25 11:48:45.822 [] [] [] [] [schedule-pool-17903078697456] DEBUG c.a.r.s.m.C.selectConfigByContext - ==> Parameters: 1970-01-01 08:00:00.0(Timestamp)
2026-09-25 11:48:45.824 [] [] [] [] [schedule-pool-17903078697456] DEBUG c.a.r.s.m.C.selectConfigByContext - <==      Total: 0
2026-09-25 11:48:55.828 [] [] [] [] [schedule-pool-179030786974513] DEBUG c.a.r.s.m.C.selectConfigByContext - ==>  Preparing: select id, code, `group`, `value`, create_time, update_time, status, ver, is_delete from config WHERE update_time >= ? and is_delete != id
2026-09-25 11:48:55.828 [] [] [] [] [schedule-pool-179030786974513] DEBUG c.a.r.s.m.C.selectConfigByContext - ==> Parameters: 1970-01-01 08:00:00.0(Timestamp)
2026-09-25 11:48:55.830 [] [] [] [] [schedule-pool-179030786974513] DEBUG c.a.r.s.m.C.selectConfigByContext - <==      Total: 0
2026-09-25 11:49:05.843 [] [] [] [] [schedule-pool-17903078697453] DEBUG c.a.r.s.m.C.selectConfigByContext - ==>  Preparing: select id, code, `group`, `value`, create_time, update_time, status, ver, is_delete from config WHERE update_time >= ? and is_delete != id
2026-09-25 11:49:05.843 [] [] [] [] [schedule-pool-17903078697453] DEBUG c.a.r.s.m.C.selectConfigByContext - ==> Parameters: 1970-01-01 08:00:00.0(Timestamp)
2026-09-25 11:49:05.844 [] [] [] [] [schedule-pool-17903078697453] DEBUG c.a.r.s.m.C.selectConfigByContext - <==      Total: 0
2026-09-25 11:49:15.861 [] [] [] [] [schedule-pool-179030786974514] DEBUG c.a.r.s.m.C.selectConfigByContext - ==>  Preparing: select id, code, `group`, `value`, create_time, update_time, status, ver, is_delete from config WHERE update_time >= ? and is_delete != id
2026-09-25 11:49:15.861 [] [] [] [] [schedule-pool-179030786974514] DEBUG c.a.r.s.m.C.selectConfigByContext - ==> Parameters: 1970-01-01 08:00:00.0(Timestamp)
2026-09-25 11:49:15.862 [] [] [] [] [schedule-pool-179030786974514] DEBUG c.a.r.s.m.C.selectConfigByContext - <==      Total: 0
2026-09-25 11:49:25.869 [] [] [] [] [schedule-pool-17903078697457] DEBUG c.a.r.s.m.C.selectConfigByContext - ==>  Preparing: select id, code, `group`, `value`, create_time, update_time, status, ver, is_delete from config WHERE update_time >= ? and is_delete != id
2026-09-25 11:49:25.869 [] [] [] [] [schedule-pool-17903078697457] DEBUG c.a.r.s.m.C.selectConfigByContext - ==> Parameters: 1970-01-01 08:00:00.0(Timestamp)
2026-09-25 11:49:25.870 [] [] [] [] [schedule-pool-17903078697457] DEBUG c.a.r.s.m.C.selectConfigByContext - <==      Total: 0
2026-09-25 11:49:35.874 [] [] [] [] [schedule-pool-179030786974515] DEBUG c.a.r.s.m.C.selectConfigByContext - ==>  Preparing: select id, code, `group`, `value`, create_time, update_time, status, ver, is_delete from config WHERE update_time >= ? and is_delete != id
2026-09-25 11:49:35.874 [] [] [] [] [schedule-pool-179030786974515] DEBUG c.a.r.s.m.C.selectConfigByContext - ==> Parameters: 1970-01-01 08:00:00.0(Timestamp)
2026-09-25 11:49:35.876 [] [] [] [] [schedule-pool-179030786974515] DEBUG c.a.r.s.m.C.selectConfigByContext - <==      Total: 0
2026-09-25 11:49:45.891 [] [] [] [] [schedule-pool-179030786974515] DEBUG c.a.r.s.m.C.selectConfigByContext - ==>  Preparing: select id, code, `group`, `value`, create_time, update_time, status, ver, is_delete from config WHERE update_time >= ? and is_delete != id
2026-09-25 11:49:45.891 [] [] [] [] [schedule-pool-179030786974515] DEBUG c.a.r.s.m.C.selectConfigByContext - ==> Parameters: 1970-01-01 08:00:00.0(Timestamp)
2026-09-25 11:49:45.892 [] [] [] [] [schedule-pool-179030786974515] DEBUG c.a.r.s.m.C.selectConfigByContext - <==      Total: 0
2026-09-25 11:49:55.904 [] [] [] [] [schedule-pool-179030786974515] DEBUG c.a.r.s.m.C.selectConfigByContext - ==>  Preparing: select id, code, `group`, `value`, create_time, update_time, status, ver, is_delete from config WHERE update_time >= ? and is_delete != id
2026-09-25 11:49:55.904 [] [] [] [] [schedule-pool-179030786974515] DEBUG c.a.r.s.m.C.selectConfigByContext - ==> Parameters: 1970-01-01 08:00:00.0(Timestamp)
2026-09-25 11:49:55.905 [] [] [] [] [schedule-pool-179030786974515] DEBUG c.a.r.s.m.C.selectConfigByContext - <==      Total: 0
2026-09-25 11:50:05.915 [] [] [] [] [schedule-pool-17903078697451] DEBUG c.a.r.s.m.C.selectConfigByContext - ==>  Preparing: select id, code, `group`, `value`, create_time, update_time, status, ver, is_delete from config WHERE update_time >= ? and is_delete != id
2026-09-25 11:50:05.916 [] [] [] [] [schedule-pool-17903078697451] DEBUG c.a.r.s.m.C.selectConfigByContext - ==> Parameters: 1970-01-01 08:00:00.0(Timestamp)
2026-09-25 11:50:05.917 [] [] [] [] [schedule-pool-17903078697451] DEBUG c.a.r.s.m.C.selectConfigByContext - <==      Total: 0
2026-09-25 11:50:15.922 [] [] [] [] [schedule-pool-179030786974517] DEBUG c.a.r.s.m.C.selectConfigByContext - ==>  Preparing: select id, code, `group`, `value`, create_time, update_time, status, ver, is_delete from config WHERE update_time >= ? and is_delete != id
2026-09-25 11:50:15.922 [] [] [] [] [schedule-pool-179030786974517] DEBUG c.a.r.s.m.C.selectConfigByContext - ==> Parameters: 1970-01-01 08:00:00.0(Timestamp)
2026-09-25 11:50:15.923 [] [] [] [] [schedule-pool-179030786974517] DEBUG c.a.r.s.m.C.selectConfigByContext - <==      Total: 0
2026-09-25 11:50:25.937 [] [] [] [] [schedule-pool-17903078697454] DEBUG c.a.r.s.m.C.selectConfigByContext - ==>  Preparing: select id, code, `group`, `value`, create_time, update_time, status, ver, is_delete from config WHERE update_time >= ? and is_delete != id
2026-09-25 11:50:25.937 [] [] [] [] [schedule-pool-17903078697454] DEBUG c.a.r.s.m.C.selectConfigByContext - ==> Parameters: 1970-01-01 08:00:00.0(Timestamp)
2026-09-25 11:50:25.938 [] [] [] [] [schedule-pool-17903078697454] DEBUG c.a.r.s.m.C.selectConfigByContext - <==      Total: 0
2026-09-25 11:50:35.946 [] [] [] [] [schedule-pool-179030786974518] DEBUG c.a.r.s.m.C.selectConfigByContext - ==>  Preparing: select id, code, `group`, `value`, create_time, update_time, status, ver, is_delete from config WHERE update_time >= ? and is_delete != id
2026-09-25 11:50:35.946 [] [] [] [] [schedule-pool-179030786974518] DEBUG c.a.r.s.m.C.selectConfigByContext - ==> Parameters: 1970-01-01 08:00:00.0(Timestamp)
2026-09-25 11:50:35.947 [] [] [] [] [schedule-pool-179030786974518] DEBUG c.a.r.s.m.C.selectConfigByContext - <==      Total: 0
2026-09-25 11:50:45.958 [] [] [] [] [schedule-pool-179030786974518] DEBUG c.a.r.s.m.C.selectConfigByContext - ==>  Preparing: select id, code, `group`, `value`, create_time, update_time, status, ver, is_delete from config WHERE update_time >= ? and is_delete != id
2026-09-25 11:50:45.958 [] [] [] [] [schedule-pool-179030786974518] DEBUG c.a.r.s.m.C.selectConfigByContext - ==> Parameters: 1970-01-01 08:00:00.0(Timestamp)
2026-09-25 11:50:45.959 [] [] [] [] [schedule-pool-179030786974518] DEBUG c.a.r.s.m.C.selectConfigByContext - <==      Total: 0
2026-09-25 11:50:55.972 [] [] [] [] [schedule-pool-179030786974518] DEBUG c.a.r.s.m.C.selectConfigByContext - ==>  Preparing: select id, code, `group`, `value`, create_time, update_time, status, ver, is_delete from config WHERE update_time >= ? and is_delete != id
2026-09-25 11:50:55.972 [] [] [] [] [schedule-pool-179030786974518] DEBUG c.a.r.s.m.C.selectConfigByContext - ==> Parameters: 1970-01-01 08:00:00.0(Timestamp)
2026-09-25 11:50:55.973 [] [] [] [] [schedule-pool-179030786974518] DEBUG c.a.r.s.m.C.selectConfigByContext - <==      Total: 0
2026-09-25 11:51:05.983 [] [] [] [] [schedule-pool-17903078697459] DEBUG c.a.r.s.m.C.selectConfigByContext - ==>  Preparing: select id, code, `group`, `value`, create_time, update_time, status, ver, is_delete from config WHERE update_time >= ? and is_delete != id
2026-09-25 11:51:05.984 [] [] [] [] [schedule-pool-17903078697459] DEBUG c.a.r.s.m.C.selectConfigByContext - ==> Parameters: 1970-01-01 08:00:00.0(Timestamp)
2026-09-25 11:51:05.986 [] [] [] [] [schedule-pool-17903078697459] DEBUG c.a.r.s.m.C.selectConfigByContext - <==      Total: 0
2026-09-25 11:51:15.992 [] [] [] [] [schedule-pool-17903078697459] DEBUG c.a.r.s.m.C.selectConfigByContext - ==>  Preparing: select id, code, `group`, `value`, create_time, update_time, status, ver, is_delete from config WHERE update_time >= ? and is_delete != id
2026-09-25 11:51:15.993 [] [] [] [] [schedule-pool-17903078697459] DEBUG c.a.r.s.m.C.selectConfigByContext - ==> Parameters: 1970-01-01 08:00:00.0(Timestamp)
2026-09-25 11:51:15.995 [] [] [] [] [schedule-pool-17903078697459] DEBUG c.a.r.s.m.C.selectConfigByContext - <==      Total: 0
2026-09-25 11:51:26.007 [] [] [] [] [schedule-pool-17903078697459] DEBUG c.a.r.s.m.C.selectConfigByContext - ==>  Preparing: select id, code, `group`, `value`, create_time, update_time, status, ver, is_delete from config WHERE update_time >= ? and is_delete != id
2026-09-25 11:51:26.007 [] [] [] [] [schedule-pool-17903078697459] DEBUG c.a.r.s.m.C.selectConfigByContext - ==> Parameters: 1970-01-01 08:00:00.0(Timestamp)
2026-09-25 11:51:26.008 [] [] [] [] [schedule-pool-17903078697459] DEBUG c.a.r.s.m.C.selectConfigByContext - <==      Total: 0
2026-09-25 11:51:36.022 [] [] [] [] [schedule-pool-179030786974521] DEBUG c.a.r.s.m.C.selectConfigByContext - ==>  Preparing: select id, code, `group`, `value`, create_time, update_time, status, ver, is_delete from config WHERE update_time >= ? and is_delete != id
2026-09-25 11:51:36.022 [] [] [] [] [schedule-pool-179030786974521] DEBUG c.a.r.s.m.C.selectConfigByContext - ==> Parameters: 1970-01-01 08:00:00.0(Timestamp)
2026-09-25 11:51:36.023 [] [] [] [] [schedule-pool-179030786974521] DEBUG c.a.r.s.m.C.selectConfigByContext - <==      Total: 0
2026-09-25 11:51:46.026 [] [] [] [] [schedule-pool-179030786974511] DEBUG c.a.r.s.m.C.selectConfigByContext - ==>  Preparing: select id, code, `group`, `value`, create_time, update_time, status, ver, is_delete from config WHERE update_time >= ? and is_delete != id
2026-09-25 11:51:46.026 [] [] [] [] [schedule-pool-179030786974511] DEBUG c.a.r.s.m.C.selectConfigByContext - ==> Parameters: 1970-01-01 08:00:00.0(Timestamp)
2026-09-25 11:51:46.027 [] [] [] [] [schedule-pool-179030786974511] DEBUG c.a.r.s.m.C.selectConfigByContext - <==      Total: 0
2026-09-25 11:51:56.040 [] [] [] [] [schedule-pool-179030786974522] DEBUG c.a.r.s.m.C.selectConfigByContext - ==>  Preparing: select id, code, `group`, `value`, create_time, update_time, status, ver, is_delete from config WHERE update_time >= ? and is_delete != id
2026-09-25 11:51:56.041 [] [] [] [] [schedule-pool-179030786974522] DEBUG c.a.r.s.m.C.selectConfigByContext - ==> Parameters: 1970-01-01 08:00:00.0(Timestamp)
2026-09-25 11:51:56.046 [] [] [] [] [schedule-pool-179030786974522] DEBUG c.a.r.s.m.C.selectConfigByContext - <==      Total: 0
2026-09-25 11:52:06.059 [] [] [] [] [schedule-pool-179030786974522] DEBUG c.a.r.s.m.C.selectConfigByContext - ==>  Preparing: select id, code, `group`, `value`, create_time, update_time, status, ver, is_delete from config WHERE update_time >= ? and is_delete != id
2026-09-25 11:52:06.059 [] [] [] [] [schedule-pool-179030786974522] DEBUG c.a.r.s.m.C.selectConfigByContext - ==> Parameters: 1970-01-01 08:00:00.0(Timestamp)
2026-09-25 11:52:06.063 [] [] [] [] [schedule-pool-179030786974522] DEBUG c.a.r.s.m.C.selectConfigByContext - <==      Total: 0
2026-09-25 11:52:16.074 [] [] [] [] [schedule-pool-179030786974522] DEBUG c.a.r.s.m.C.selectConfigByContext - ==>  Preparing: select id, code, `group`, `value`, create_time, update_time, status, ver, is_delete from config WHERE update_time >= ? and is_delete != id
2026-09-25 11:52:16.076 [] [] [] [] [schedule-pool-179030786974522] DEBUG c.a.r.s.m.C.selectConfigByContext - ==> Parameters: 1970-01-01 08:00:00.0(Timestamp)
2026-09-25 11:52:16.079 [] [] [] [] [schedule-pool-179030786974522] DEBUG c.a.r.s.m.C.selectConfigByContext - <==      Total: 0
2026-09-25 11:52:26.094 [] [] [] [] [schedule-pool-17903078697452] DEBUG c.a.r.s.m.C.selectConfigByContext - ==>  Preparing: select id, code, `group`, `value`, create_time, update_time, status, ver, is_delete from config WHERE update_time >= ? and is_delete != id
2026-09-25 11:52:26.094 [] [] [] [] [schedule-pool-17903078697452] DEBUG c.a.r.s.m.C.selectConfigByContext - ==> Parameters: 1970-01-01 08:00:00.0(Timestamp)
2026-09-25 11:52:26.096 [] [] [] [] [schedule-pool-17903078697452] DEBUG c.a.r.s.m.C.selectConfigByContext - <==      Total: 0
2026-09-25 11:52:36.107 [] [] [] [] [schedule-pool-179030786974524] DEBUG c.a.r.s.m.C.selectConfigByContext - ==>  Preparing: select id, code, `group`, `value`, create_time, update_time, status, ver, is_delete from config WHERE update_time >= ? and is_delete != id
2026-09-25 11:52:36.107 [] [] [] [] [schedule-pool-179030786974524] DEBUG c.a.r.s.m.C.selectConfigByContext - ==> Parameters: 1970-01-01 08:00:00.0(Timestamp)
2026-09-25 11:52:36.109 [] [] [] [] [schedule-pool-179030786974524] DEBUG c.a.r.s.m.C.selectConfigByContext - <==      Total: 0
2026-09-25 11:52:46.115 [] [] [] [] [schedule-pool-179030786974512] DEBUG c.a.r.s.m.C.selectConfigByContext - ==>  Preparing: select id, code, `group`, `value`, create_time, update_time, status, ver, is_delete from config WHERE update_time >= ? and is_delete != id
2026-09-25 11:52:46.115 [] [] [] [] [schedule-pool-179030786974512] DEBUG c.a.r.s.m.C.selectConfigByContext - ==> Parameters: 1970-01-01 08:00:00.0(Timestamp)
2026-09-25 11:52:46.116 [] [] [] [] [schedule-pool-179030786974512] DEBUG c.a.r.s.m.C.selectConfigByContext - <==      Total: 0
2026-09-25 11:52:56.130 [] [] [] [] [schedule-pool-179030786974512] DEBUG c.a.r.s.m.C.selectConfigByContext - ==>  Preparing: select id, code, `group`, `value`, create_time, update_time, status, ver, is_delete from config WHERE update_time >= ? and is_delete != id
2026-09-25 11:52:56.132 [] [] [] [] [schedule-pool-179030786974512] DEBUG c.a.r.s.m.C.selectConfigByContext - ==> Parameters: 1970-01-01 08:00:00.0(Timestamp)
2026-09-25 11:52:56.133 [] [] [] [] [schedule-pool-179030786974512] DEBUG c.a.r.s.m.C.selectConfigByContext - <==      Total: 0
2026-09-25 11:53:06.150 [] [] [] [] [schedule-pool-179030786974512] DEBUG c.a.r.s.m.C.selectConfigByContext - ==>  Preparing: select id, code, `group`, `value`, create_time, update_time, status, ver, is_delete from config WHERE update_time >= ? and is_delete != id
2026-09-25 11:53:06.150 [] [] [] [] [schedule-pool-179030786974512] DEBUG c.a.r.s.m.C.selectConfigByContext - ==> Parameters: 1970-01-01 08:00:00.0(Timestamp)
2026-09-25 11:53:06.152 [] [] [] [] [schedule-pool-179030786974512] DEBUG c.a.r.s.m.C.selectConfigByContext - <==      Total: 0
2026-09-25 11:53:16.166 [] [] [] [] [schedule-pool-179030786974512] DEBUG c.a.r.s.m.C.selectConfigByContext - ==>  Preparing: select id, code, `group`, `value`, create_time, update_time, status, ver, is_delete from config WHERE update_time >= ? and is_delete != id
2026-09-25 11:53:16.166 [] [] [] [] [schedule-pool-179030786974512] DEBUG c.a.r.s.m.C.selectConfigByContext - ==> Parameters: 1970-01-01 08:00:00.0(Timestamp)
2026-09-25 11:53:16.170 [] [] [] [] [schedule-pool-179030786974512] DEBUG c.a.r.s.m.C.selectConfigByContext - <==      Total: 0
2026-09-25 11:53:26.183 [] [] [] [] [schedule-pool-179030786974512] DEBUG c.a.r.s.m.C.selectConfigByContext - ==>  Preparing: select id, code, `group`, `value`, create_time, update_time, status, ver, is_delete from config WHERE update_time >= ? and is_delete != id
2026-09-25 11:53:26.183 [] [] [] [] [schedule-pool-179030786974512] DEBUG c.a.r.s.m.C.selectConfigByContext - ==> Parameters: 1970-01-01 08:00:00.0(Timestamp)
2026-09-25 11:53:26.184 [] [] [] [] [schedule-pool-179030786974512] DEBUG c.a.r.s.m.C.selectConfigByContext - <==      Total: 0
2026-09-25 11:53:36.193 [] [] [] [] [schedule-pool-179030786974512] DEBUG c.a.r.s.m.C.selectConfigByContext - ==>  Preparing: select id, code, `group`, `value`, create_time, update_time, status, ver, is_delete from config WHERE update_time >= ? and is_delete != id
2026-09-25 11:53:36.194 [] [] [] [] [schedule-pool-179030786974512] DEBUG c.a.r.s.m.C.selectConfigByContext - ==> Parameters: 1970-01-01 08:00:00.0(Timestamp)
2026-09-25 11:53:36.195 [] [] [] [] [schedule-pool-179030786974512] DEBUG c.a.r.s.m.C.selectConfigByContext - <==      Total: 0
2026-09-25 11:53:46.214 [] [] [] [] [schedule-pool-179030786974512] DEBUG c.a.r.s.m.C.selectConfigByContext - ==>  Preparing: select id, code, `group`, `value`, create_time, update_time, status, ver, is_delete from config WHERE update_time >= ? and is_delete != id
2026-09-25 11:53:46.214 [] [] [] [] [schedule-pool-179030786974512] DEBUG c.a.r.s.m.C.selectConfigByContext - ==> Parameters: 1970-01-01 08:00:00.0(Timestamp)
2026-09-25 11:53:46.218 [] [] [] [] [schedule-pool-179030786974512] DEBUG c.a.r.s.m.C.selectConfigByContext - <==      Total: 0
2026-09-25 11:53:56.220 [] [] [] [] [schedule-pool-179030786974512] DEBUG c.a.r.s.m.C.selectConfigByContext - ==>  Preparing: select id, code, `group`, `value`, create_time, update_time, status, ver, is_delete from config WHERE update_time >= ? and is_delete != id
2026-09-25 11:53:56.221 [] [] [] [] [schedule-pool-179030786974512] DEBUG c.a.r.s.m.C.selectConfigByContext - ==> Parameters: 1970-01-01 08:00:00.0(Timestamp)
2026-09-25 11:53:56.222 [] [] [] [] [schedule-pool-179030786974512] DEBUG c.a.r.s.m.C.selectConfigByContext - <==      Total: 0
2026-09-25 11:54:06.237 [] [] [] [] [schedule-pool-179030786974512] DEBUG c.a.r.s.m.C.selectConfigByContext - ==>  Preparing: select id, code, `group`, `value`, create_time, update_time, status, ver, is_delete from config WHERE update_time >= ? and is_delete != id
2026-09-25 11:54:06.237 [] [] [] [] [schedule-pool-179030786974512] DEBUG c.a.r.s.m.C.selectConfigByContext - ==> Parameters: 1970-01-01 08:00:00.0(Timestamp)
2026-09-25 11:54:06.238 [] [] [] [] [schedule-pool-179030786974512] DEBUG c.a.r.s.m.C.selectConfigByContext - <==      Total: 0
2026-09-25 11:54:16.245 [] [] [] [] [schedule-pool-179030786974512] DEBUG c.a.r.s.m.C.selectConfigByContext - ==>  Preparing: select id, code, `group`, `value`, create_time, update_time, status, ver, is_delete from config WHERE update_time >= ? and is_delete != id
2026-09-25 11:54:16.245 [] [] [] [] [schedule-pool-179030786974512] DEBUG c.a.r.s.m.C.selectConfigByContext - ==> Parameters: 1970-01-01 08:00:00.0(Timestamp)
2026-09-25 11:54:16.250 [] [] [] [] [schedule-pool-179030786974512] DEBUG c.a.r.s.m.C.selectConfigByContext - <==      Total: 0
2026-09-25 11:54:26.266 [] [] [] [] [schedule-pool-179030786974512] DEBUG c.a.r.s.m.C.selectConfigByContext - ==>  Preparing: select id, code, `group`, `value`, create_time, update_time, status, ver, is_delete from config WHERE update_time >= ? and is_delete != id
2026-09-25 11:54:26.267 [] [] [] [] [schedule-pool-179030786974512] DEBUG c.a.r.s.m.C.selectConfigByContext - ==> Parameters: 1970-01-01 08:00:00.0(Timestamp)
2026-09-25 11:54:26.268 [] [] [] [] [schedule-pool-179030786974512] DEBUG c.a.r.s.m.C.selectConfigByContext - <==      Total: 0
2026-09-25 11:54:36.285 [] [] [] [] [schedule-pool-179030786974512] DEBUG c.a.r.s.m.C.selectConfigByContext - ==>  Preparing: select id, code, `group`, `value`, create_time, update_time, status, ver, is_delete from config WHERE update_time >= ? and is_delete != id
2026-09-25 11:54:36.285 [] [] [] [] [schedule-pool-179030786974512] DEBUG c.a.r.s.m.C.selectConfigByContext - ==> Parameters: 1970-01-01 08:00:00.0(Timestamp)
2026-09-25 11:54:36.286 [] [] [] [] [schedule-pool-179030786974512] DEBUG c.a.r.s.m.C.selectConfigByContext - <==      Total: 0
2026-09-25 11:54:46.302 [] [] [] [] [schedule-pool-179030786974512] DEBUG c.a.r.s.m.C.selectConfigByContext - ==>  Preparing: select id, code, `group`, `value`, create_time, update_time, status, ver, is_delete from config WHERE update_time >= ? and is_delete != id
2026-09-25 11:54:46.302 [] [] [] [] [schedule-pool-179030786974512] DEBUG c.a.r.s.m.C.selectConfigByContext - ==> Parameters: 1970-01-01 08:00:00.0(Timestamp)
2026-09-25 11:54:46.303 [] [] [] [] [schedule-pool-179030786974512] DEBUG c.a.r.s.m.C.selectConfigByContext - <==      Total: 0
2026-09-25 11:54:56.318 [] [] [] [] [schedule-pool-179030786974512] DEBUG c.a.r.s.m.C.selectConfigByContext - ==>  Preparing: select id, code, `group`, `value`, create_time, update_time, status, ver, is_delete from config WHERE update_time >= ? and is_delete != id
2026-09-25 11:54:56.318 [] [] [] [] [schedule-pool-179030786974512] DEBUG c.a.r.s.m.C.selectConfigByContext - ==> Parameters: 1970-01-01 08:00:00.0(Timestamp)
2026-09-25 11:54:56.320 [] [] [] [] [schedule-pool-179030786974512] DEBUG c.a.r.s.m.C.selectConfigByContext - <==      Total: 0
2026-09-25 11:55:06.323 [] [] [] [] [schedule-pool-179030786974512] DEBUG c.a.r.s.m.C.selectConfigByContext - ==>  Preparing: select id, code, `group`, `value`, create_time, update_time, status, ver, is_delete from config WHERE update_time >= ? and is_delete != id
2026-09-25 11:55:06.323 [] [] [] [] [schedule-pool-179030786974512] DEBUG c.a.r.s.m.C.selectConfigByContext - ==> Parameters: 1970-01-01 08:00:00.0(Timestamp)
2026-09-25 11:55:06.324 [] [] [] [] [schedule-pool-179030786974512] DEBUG c.a.r.s.m.C.selectConfigByContext - <==      Total: 0
2026-09-25 11:55:16.340 [] [] [] [] [schedule-pool-179030786974512] DEBUG c.a.r.s.m.C.selectConfigByContext - ==>  Preparing: select id, code, `group`, `value`, create_time, update_time, status, ver, is_delete from config WHERE update_time >= ? and is_delete != id
2026-09-25 11:55:16.340 [] [] [] [] [schedule-pool-179030786974512] DEBUG c.a.r.s.m.C.selectConfigByContext - ==> Parameters: 1970-01-01 08:00:00.0(Timestamp)
2026-09-25 11:55:16.341 [] [] [] [] [schedule-pool-179030786974512] DEBUG c.a.r.s.m.C.selectConfigByContext - <==      Total: 0
2026-09-25 11:55:26.345 [] [] [] [] [schedule-pool-179030786974512] DEBUG c.a.r.s.m.C.selectConfigByContext - ==>  Preparing: select id, code, `group`, `value`, create_time, update_time, status, ver, is_delete from config WHERE update_time >= ? and is_delete != id
2026-09-25 11:55:26.347 [] [] [] [] [schedule-pool-179030786974512] DEBUG c.a.r.s.m.C.selectConfigByContext - ==> Parameters: 1970-01-01 08:00:00.0(Timestamp)
2026-09-25 11:55:26.347 [] [] [] [] [schedule-pool-179030786974512] DEBUG c.a.r.s.m.C.selectConfigByContext - <==      Total: 0
2026-09-25 11:55:36.365 [] [] [] [] [schedule-pool-179030786974512] DEBUG c.a.r.s.m.C.selectConfigByContext - ==>  Preparing: select id, code, `group`, `value`, create_time, update_time, status, ver, is_delete from config WHERE update_time >= ? and is_delete != id
2026-09-25 11:55:36.365 [] [] [] [] [schedule-pool-179030786974512] DEBUG c.a.r.s.m.C.selectConfigByContext - ==> Parameters: 1970-01-01 08:00:00.0(Timestamp)
2026-09-25 11:55:36.372 [] [] [] [] [schedule-pool-179030786974512] DEBUG c.a.r.s.m.C.selectConfigByContext - <==      Total: 0
2026-09-25 11:55:46.382 [] [] [] [] [schedule-pool-179030786974512] DEBUG c.a.r.s.m.C.selectConfigByContext - ==>  Preparing: select id, code, `group`, `value`, create_time, update_time, status, ver, is_delete from config WHERE update_time >= ? and is_delete != id
2026-09-25 11:55:46.382 [] [] [] [] [schedule-pool-179030786974512] DEBUG c.a.r.s.m.C.selectConfigByContext - ==> Parameters: 1970-01-01 08:00:00.0(Timestamp)
2026-09-25 11:55:46.383 [] [] [] [] [schedule-pool-179030786974512] DEBUG c.a.r.s.m.C.selectConfigByContext - <==      Total: 0
2026-09-25 11:55:56.395 [] [] [] [] [schedule-pool-179030786974512] DEBUG c.a.r.s.m.C.selectConfigByContext - ==>  Preparing: select id, code, `group`, `value`, create_time, update_time, status, ver, is_delete from config WHERE update_time >= ? and is_delete != id
2026-09-25 11:55:56.395 [] [] [] [] [schedule-pool-179030786974512] DEBUG c.a.r.s.m.C.selectConfigByContext - ==> Parameters: 1970-01-01 08:00:00.0(Timestamp)
2026-09-25 11:55:56.397 [] [] [] [] [schedule-pool-179030786974512] DEBUG c.a.r.s.m.C.selectConfigByContext - <==      Total: 0
2026-09-25 11:56:06.409 [] [] [] [] [schedule-pool-179030786974512] DEBUG c.a.r.s.m.C.selectConfigByContext - ==>  Preparing: select id, code, `group`, `value`, create_time, update_time, status, ver, is_delete from config WHERE update_time >= ? and is_delete != id
2026-09-25 11:56:06.409 [] [] [] [] [schedule-pool-179030786974512] DEBUG c.a.r.s.m.C.selectConfigByContext - ==> Parameters: 1970-01-01 08:00:00.0(Timestamp)
2026-09-25 11:56:06.411 [] [] [] [] [schedule-pool-179030786974512] DEBUG c.a.r.s.m.C.selectConfigByContext - <==      Total: 0
2026-09-25 11:56:16.416 [] [] [] [] [schedule-pool-179030786974512] DEBUG c.a.r.s.m.C.selectConfigByContext - ==>  Preparing: select id, code, `group`, `value`, create_time, update_time, status, ver, is_delete from config WHERE update_time >= ? and is_delete != id
2026-09-25 11:56:16.416 [] [] [] [] [schedule-pool-179030786974512] DEBUG c.a.r.s.m.C.selectConfigByContext - ==> Parameters: 1970-01-01 08:00:00.0(Timestamp)
2026-09-25 11:56:16.418 [] [] [] [] [schedule-pool-179030786974512] DEBUG c.a.r.s.m.C.selectConfigByContext - <==      Total: 0
2026-09-25 11:56:26.434 [] [] [] [] [schedule-pool-179030786974512] DEBUG c.a.r.s.m.C.selectConfigByContext - ==>  Preparing: select id, code, `group`, `value`, create_time, update_time, status, ver, is_delete from config WHERE update_time >= ? and is_delete != id
2026-09-25 11:56:26.434 [] [] [] [] [schedule-pool-179030786974512] DEBUG c.a.r.s.m.C.selectConfigByContext - ==> Parameters: 1970-01-01 08:00:00.0(Timestamp)
2026-09-25 11:56:26.435 [] [] [] [] [schedule-pool-179030786974512] DEBUG c.a.r.s.m.C.selectConfigByContext - <==      Total: 0
2026-09-25 11:56:36.438 [] [] [] [] [schedule-pool-179030786974512] DEBUG c.a.r.s.m.C.selectConfigByContext - ==>  Preparing: select id, code, `group`, `value`, create_time, update_time, status, ver, is_delete from config WHERE update_time >= ? and is_delete != id
2026-09-25 11:56:36.439 [] [] [] [] [schedule-pool-179030786974512] DEBUG c.a.r.s.m.C.selectConfigByContext - ==> Parameters: 1970-01-01 08:00:00.0(Timestamp)
2026-09-25 11:56:36.439 [] [] [] [] [schedule-pool-179030786974512] DEBUG c.a.r.s.m.C.selectConfigByContext - <==      Total: 0
2026-09-25 11:56:46.450 [] [] [] [] [schedule-pool-179030786974512] DEBUG c.a.r.s.m.C.selectConfigByContext - ==>  Preparing: select id, code, `group`, `value`, create_time, update_time, status, ver, is_delete from config WHERE update_time >= ? and is_delete != id
2026-09-25 11:56:46.450 [] [] [] [] [schedule-pool-179030786974512] DEBUG c.a.r.s.m.C.selectConfigByContext - ==> Parameters: 1970-01-01 08:00:00.0(Timestamp)
2026-09-25 11:56:46.452 [] [] [] [] [schedule-pool-179030786974512] DEBUG c.a.r.s.m.C.selectConfigByContext - <==      Total: 0
2026-09-25 11:56:56.458 [] [] [] [] [schedule-pool-179030786974512] DEBUG c.a.r.s.m.C.selectConfigByContext - ==>  Preparing: select id, code, `group`, `value`, create_time, update_time, status, ver, is_delete from config WHERE update_time >= ? and is_delete != id
2026-09-25 11:56:56.459 [] [] [] [] [schedule-pool-179030786974512] DEBUG c.a.r.s.m.C.selectConfigByContext - ==> Parameters: 1970-01-01 08:00:00.0(Timestamp)
2026-09-25 11:56:56.460 [] [] [] [] [schedule-pool-179030786974512] DEBUG c.a.r.s.m.C.selectConfigByContext - <==      Total: 0
2026-09-25 11:57:06.469 [] [] [] [] [schedule-pool-179030786974512] DEBUG c.a.r.s.m.C.selectConfigByContext - ==>  Preparing: select id, code, `group`, `value`, create_time, update_time, status, ver, is_delete from config WHERE update_time >= ? and is_delete != id
2026-09-25 11:57:06.469 [] [] [] [] [schedule-pool-179030786974512] DEBUG c.a.r.s.m.C.selectConfigByContext - ==> Parameters: 1970-01-01 08:00:00.0(Timestamp)
2026-09-25 11:57:06.470 [] [] [] [] [schedule-pool-179030786974512] DEBUG c.a.r.s.m.C.selectConfigByContext - <==      Total: 0
2026-09-25 11:57:16.482 [] [] [] [] [schedule-pool-179030786974512] DEBUG c.a.r.s.m.C.selectConfigByContext - ==>  Preparing: select id, code, `group`, `value`, create_time, update_time, status, ver, is_delete from config WHERE update_time >= ? and is_delete != id
2026-09-25 11:57:16.482 [] [] [] [] [schedule-pool-179030786974512] DEBUG c.a.r.s.m.C.selectConfigByContext - ==> Parameters: 1970-01-01 08:00:00.0(Timestamp)
2026-09-25 11:57:16.484 [] [] [] [] [schedule-pool-179030786974512] DEBUG c.a.r.s.m.C.selectConfigByContext - <==      Total: 0
2026-09-25 11:57:26.492 [] [] [] [] [schedule-pool-179030786974512] DEBUG c.a.r.s.m.C.selectConfigByContext - ==>  Preparing: select id, code, `group`, `value`, create_time, update_time, status, ver, is_delete from config WHERE update_time >= ? and is_delete != id
2026-09-25 11:57:26.492 [] [] [] [] [schedule-pool-179030786974512] DEBUG c.a.r.s.m.C.selectConfigByContext - ==> Parameters: 1970-01-01 08:00:00.0(Timestamp)
2026-09-25 11:57:26.495 [] [] [] [] [schedule-pool-179030786974512] DEBUG c.a.r.s.m.C.selectConfigByContext - <==      Total: 0
2026-09-25 11:57:36.498 [] [] [] [] [schedule-pool-179030786974512] DEBUG c.a.r.s.m.C.selectConfigByContext - ==>  Preparing: select id, code, `group`, `value`, create_time, update_time, status, ver, is_delete from config WHERE update_time >= ? and is_delete != id
2026-09-25 11:57:36.499 [] [] [] [] [schedule-pool-179030786974512] DEBUG c.a.r.s.m.C.selectConfigByContext - ==> Parameters: 1970-01-01 08:00:00.0(Timestamp)
2026-09-25 11:57:36.499 [] [] [] [] [schedule-pool-179030786974512] DEBUG c.a.r.s.m.C.selectConfigByContext - <==      Total: 0
2026-09-25 11:57:46.504 [] [] [] [] [schedule-pool-179030786974512] DEBUG c.a.r.s.m.C.selectConfigByContext - ==>  Preparing: select id, code, `group`, `value`, create_time, update_time, status, ver, is_delete from config WHERE update_time >= ? and is_delete != id
2026-09-25 11:57:46.505 [] [] [] [] [schedule-pool-179030786974512] DEBUG c.a.r.s.m.C.selectConfigByContext - ==> Parameters: 1970-01-01 08:00:00.0(Timestamp)
2026-09-25 11:57:46.506 [] [] [] [] [schedule-pool-179030786974512] DEBUG c.a.r.s.m.C.selectConfigByContext - <==      Total: 0
2026-09-25 11:57:56.508 [] [] [] [] [schedule-pool-179030786974512] DEBUG c.a.r.s.m.C.selectConfigByContext - ==>  Preparing: select id, code, `group`, `value`, create_time, update_time, status, ver, is_delete from config WHERE update_time >= ? and is_delete != id
2026-09-25 11:57:56.508 [] [] [] [] [schedule-pool-179030786974512] DEBUG c.a.r.s.m.C.selectConfigByContext - ==> Parameters: 1970-01-01 08:00:00.0(Timestamp)
2026-09-25 11:57:56.509 [] [] [] [] [schedule-pool-179030786974512] DEBUG c.a.r.s.m.C.selectConfigByContext - <==      Total: 0
2026-09-25 11:58:06.515 [] [] [] [] [schedule-pool-179030786974512] DEBUG c.a.r.s.m.C.selectConfigByContext - ==>  Preparing: select id, code, `group`, `value`, create_time, update_time, status, ver, is_delete from config WHERE update_time >= ? and is_delete != id
2026-09-25 11:58:06.515 [] [] [] [] [schedule-pool-179030786974512] DEBUG c.a.r.s.m.C.selectConfigByContext - ==> Parameters: 1970-01-01 08:00:00.0(Timestamp)
2026-09-25 11:58:06.518 [] [] [] [] [schedule-pool-179030786974512] DEBUG c.a.r.s.m.C.selectConfigByContext - <==      Total: 0
2026-09-25 11:58:16.527 [] [] [] [] [schedule-pool-179030786974512] DEBUG c.a.r.s.m.C.selectConfigByContext - ==>  Preparing: select id, code, `group`, `value`, create_time, update_time, status, ver, is_delete from config WHERE update_time >= ? and is_delete != id
2026-09-25 11:58:16.527 [] [] [] [] [schedule-pool-179030786974512] DEBUG c.a.r.s.m.C.selectConfigByContext - ==> Parameters: 1970-01-01 08:00:00.0(Timestamp)
2026-09-25 11:58:16.529 [] [] [] [] [schedule-pool-179030786974512] DEBUG c.a.r.s.m.C.selectConfigByContext - <==      Total: 0
2026-09-25 11:58:26.533 [] [] [] [] [schedule-pool-179030786974512] DEBUG c.a.r.s.m.C.selectConfigByContext - ==>  Preparing: select id, code, `group`, `value`, create_time, update_time, status, ver, is_delete from config WHERE update_time >= ? and is_delete != id
2026-09-25 11:58:26.534 [] [] [] [] [schedule-pool-179030786974512] DEBUG c.a.r.s.m.C.selectConfigByContext - ==> Parameters: 1970-01-01 08:00:00.0(Timestamp)
2026-09-25 11:58:26.535 [] [] [] [] [schedule-pool-179030786974512] DEBUG c.a.r.s.m.C.selectConfigByContext - <==      Total: 0
2026-09-25 11:58:36.538 [] [] [] [] [schedule-pool-179030786974512] DEBUG c.a.r.s.m.C.selectConfigByContext - ==>  Preparing: select id, code, `group`, `value`, create_time, update_time, status, ver, is_delete from config WHERE update_time >= ? and is_delete != id
2026-09-25 11:58:36.539 [] [] [] [] [schedule-pool-179030786974512] DEBUG c.a.r.s.m.C.selectConfigByContext - ==> Parameters: 1970-01-01 08:00:00.0(Timestamp)
2026-09-25 11:58:36.540 [] [] [] [] [schedule-pool-179030786974512] DEBUG c.a.r.s.m.C.selectConfigByContext - <==      Total: 0
2026-09-25 11:58:46.551 [] [] [] [] [schedule-pool-179030786974512] DEBUG c.a.r.s.m.C.selectConfigByContext - ==>  Preparing: select id, code, `group`, `value`, create_time, update_time, status, ver, is_delete from config WHERE update_time >= ? and is_delete != id
2026-09-25 11:58:46.551 [] [] [] [] [schedule-pool-179030786974512] DEBUG c.a.r.s.m.C.selectConfigByContext - ==> Parameters: 1970-01-01 08:00:00.0(Timestamp)
2026-09-25 11:58:46.553 [] [] [] [] [schedule-pool-179030786974512] DEBUG c.a.r.s.m.C.selectConfigByContext - <==      Total: 0
2026-09-25 11:58:56.584 [] [] [] [] [schedule-pool-179030786974512] DEBUG c.a.r.s.m.C.selectConfigByContext - ==>  Preparing: select id, code, `group`, `value`, create_time, update_time, status, ver, is_delete from config WHERE update_time >= ? and is_delete != id
2026-09-25 11:58:56.584 [] [] [] [] [schedule-pool-179030786974512] DEBUG c.a.r.s.m.C.selectConfigByContext - ==> Parameters: 1970-01-01 08:00:00.0(Timestamp)
2026-09-25 11:58:56.599 [] [] [] [] [schedule-pool-179030786974512] DEBUG c.a.r.s.m.C.selectConfigByContext - <==      Total: 0
2026-09-25 11:59:06.601 [] [] [] [] [schedule-pool-179030786974512] DEBUG c.a.r.s.m.C.selectConfigByContext - ==>  Preparing: select id, code, `group`, `value`, create_time, update_time, status, ver, is_delete from config WHERE update_time >= ? and is_delete != id
2026-09-25 11:59:06.601 [] [] [] [] [schedule-pool-179030786974512] DEBUG c.a.r.s.m.C.selectConfigByContext - ==> Parameters: 1970-01-01 08:00:00.0(Timestamp)
2026-09-25 11:59:06.602 [] [] [] [] [schedule-pool-179030786974512] DEBUG c.a.r.s.m.C.selectConfigByContext - <==      Total: 0
2026-09-25 11:59:16.616 [] [] [] [] [schedule-pool-179030786974512] DEBUG c.a.r.s.m.C.selectConfigByContext - ==>  Preparing: select id, code, `group`, `value`, create_time, update_time, status, ver, is_delete from config WHERE update_time >= ? and is_delete != id
2026-09-25 11:59:16.616 [] [] [] [] [schedule-pool-179030786974512] DEBUG c.a.r.s.m.C.selectConfigByContext - ==> Parameters: 1970-01-01 08:00:00.0(Timestamp)
2026-09-25 11:59:16.617 [] [] [] [] [schedule-pool-179030786974512] DEBUG c.a.r.s.m.C.selectConfigByContext - <==      Total: 0
2026-09-25 11:59:26.634 [] [] [] [] [schedule-pool-179030786974512] DEBUG c.a.r.s.m.C.selectConfigByContext - ==>  Preparing: select id, code, `group`, `value`, create_time, update_time, status, ver, is_delete from config WHERE update_time >= ? and is_delete != id
2026-09-25 11:59:26.634 [] [] [] [] [schedule-pool-179030786974512] DEBUG c.a.r.s.m.C.selectConfigByContext - ==> Parameters: 1970-01-01 08:00:00.0(Timestamp)
2026-09-25 11:59:26.636 [] [] [] [] [schedule-pool-179030786974512] DEBUG c.a.r.s.m.C.selectConfigByContext - <==      Total: 0
2026-09-25 11:59:36.645 [] [] [] [] [schedule-pool-179030786974512] DEBUG c.a.r.s.m.C.selectConfigByContext - ==>  Preparing: select id, code, `group`, `value`, create_time, update_time, status, ver, is_delete from config WHERE update_time >= ? and is_delete != id
2026-09-25 11:59:36.645 [] [] [] [] [schedule-pool-179030786974512] DEBUG c.a.r.s.m.C.selectConfigByContext - ==> Parameters: 1970-01-01 08:00:00.0(Timestamp)
2026-09-25 11:59:36.647 [] [] [] [] [schedule-pool-179030786974512] DEBUG c.a.r.s.m.C.selectConfigByContext - <==      Total: 0
2026-09-25 11:59:46.654 [] [] [] [] [schedule-pool-179030786974512] DEBUG c.a.r.s.m.C.selectConfigByContext - ==>  Preparing: select id, code, `group`, `value`, create_time, update_time, status, ver, is_delete from config WHERE update_time >= ? and is_delete != id
2026-09-25 11:59:46.654 [] [] [] [] [schedule-pool-179030786974512] DEBUG c.a.r.s.m.C.selectConfigByContext - ==> Parameters: 1970-01-01 08:00:00.0(Timestamp)
2026-09-25 11:59:46.654 [] [] [] [] [schedule-pool-179030786974512] DEBUG c.a.r.s.m.C.selectConfigByContext - <==      Total: 0
2026-09-25 11:59:56.667 [] [] [] [] [schedule-pool-179030786974512] DEBUG c.a.r.s.m.C.selectConfigByContext - ==>  Preparing: select id, code, `group`, `value`, create_time, update_time, status, ver, is_delete from config WHERE update_time >= ? and is_delete != id
2026-09-25 11:59:56.667 [] [] [] [] [schedule-pool-179030786974512] DEBUG c.a.r.s.m.C.selectConfigByContext - ==> Parameters: 1970-01-01 08:00:00.0(Timestamp)
2026-09-25 11:59:56.669 [] [] [] [] [schedule-pool-179030786974512] DEBUG c.a.r.s.m.C.selectConfigByContext - <==      Total: 0
2026-09-25 12:00:06.677 [] [] [] [] [schedule-pool-179030786974512] DEBUG c.a.r.s.m.C.selectConfigByContext - ==>  Preparing: select id, code, `group`, `value`, create_time, update_time, status, ver, is_delete from config WHERE update_time >= ? and is_delete != id
2026-09-25 12:00:06.677 [] [] [] [] [schedule-pool-179030786974512] DEBUG c.a.r.s.m.C.selectConfigByContext - ==> Parameters: 1970-01-01 08:00:00.0(Timestamp)
2026-09-25 12:00:06.679 [] [] [] [] [schedule-pool-179030786974512] DEBUG c.a.r.s.m.C.selectConfigByContext - <==      Total: 0
2026-09-25 12:00:16.698 [] [] [] [] [schedule-pool-179030786974512] DEBUG c.a.r.s.m.C.selectConfigByContext - ==>  Preparing: select id, code, `group`, `value`, create_time, update_time, status, ver, is_delete from config WHERE update_time >= ? and is_delete != id
2026-09-25 12:00:16.698 [] [] [] [] [schedule-pool-179030786974512] DEBUG c.a.r.s.m.C.selectConfigByContext - ==> Parameters: 1970-01-01 08:00:00.0(Timestamp)
2026-09-25 12:00:16.704 [] [] [] [] [schedule-pool-179030786974512] DEBUG c.a.r.s.m.C.selectConfigByContext - <==      Total: 0
2026-09-25 12:00:26.718 [] [] [] [] [schedule-pool-179030786974512] DEBUG c.a.r.s.m.C.selectConfigByContext - ==>  Preparing: select id, code, `group`, `value`, create_time, update_time, status, ver, is_delete from config WHERE update_time >= ? and is_delete != id
2026-09-25 12:00:26.718 [] [] [] [] [schedule-pool-179030786974512] DEBUG c.a.r.s.m.C.selectConfigByContext - ==> Parameters: 1970-01-01 08:00:00.0(Timestamp)
2026-09-25 12:00:26.720 [] [] [] [] [schedule-pool-179030786974512] DEBUG c.a.r.s.m.C.selectConfigByContext - <==      Total: 0
2026-09-25 12:00:36.735 [] [] [] [] [schedule-pool-179030786974512] DEBUG c.a.r.s.m.C.selectConfigByContext - ==>  Preparing: select id, code, `group`, `value`, create_time, update_time, status, ver, is_delete from config WHERE update_time >= ? and is_delete != id
2026-09-25 12:00:36.735 [] [] [] [] [schedule-pool-179030786974512] DEBUG c.a.r.s.m.C.selectConfigByContext - ==> Parameters: 1970-01-01 08:00:00.0(Timestamp)
2026-09-25 12:00:36.737 [] [] [] [] [schedule-pool-179030786974512] DEBUG c.a.r.s.m.C.selectConfigByContext - <==      Total: 0
2026-09-25 12:00:46.744 [] [] [] [] [schedule-pool-179030786974512] DEBUG c.a.r.s.m.C.selectConfigByContext - ==>  Preparing: select id, code, `group`, `value`, create_time, update_time, status, ver, is_delete from config WHERE update_time >= ? and is_delete != id
2026-09-25 12:00:46.744 [] [] [] [] [schedule-pool-179030786974512] DEBUG c.a.r.s.m.C.selectConfigByContext - ==> Parameters: 1970-01-01 08:00:00.0(Timestamp)
2026-09-25 12:00:46.745 [] [] [] [] [schedule-pool-179030786974512] DEBUG c.a.r.s.m.C.selectConfigByContext - <==      Total: 0
2026-09-25 12:00:56.759 [] [] [] [] [schedule-pool-179030786974512] DEBUG c.a.r.s.m.C.selectConfigByContext - ==>  Preparing: select id, code, `group`, `value`, create_time, update_time, status, ver, is_delete from config WHERE update_time >= ? and is_delete != id
2026-09-25 12:00:56.759 [] [] [] [] [schedule-pool-179030786974512] DEBUG c.a.r.s.m.C.selectConfigByContext - ==> Parameters: 1970-01-01 08:00:00.0(Timestamp)
2026-09-25 12:00:56.762 [] [] [] [] [schedule-pool-179030786974512] DEBUG c.a.r.s.m.C.selectConfigByContext - <==      Total: 0
2026-09-25 12:01:06.769 [] [] [] [] [schedule-pool-179030786974512] DEBUG c.a.r.s.m.C.selectConfigByContext - ==>  Preparing: select id, code, `group`, `value`, create_time, update_time, status, ver, is_delete from config WHERE update_time >= ? and is_delete != id
2026-09-25 12:01:06.769 [] [] [] [] [schedule-pool-179030786974512] DEBUG c.a.r.s.m.C.selectConfigByContext - ==> Parameters: 1970-01-01 08:00:00.0(Timestamp)
2026-09-25 12:01:06.770 [] [] [] [] [schedule-pool-179030786974512] DEBUG c.a.r.s.m.C.selectConfigByContext - <==      Total: 0
2026-09-25 12:01:16.786 [] [] [] [] [schedule-pool-179030786974512] DEBUG c.a.r.s.m.C.selectConfigByContext - ==>  Preparing: select id, code, `group`, `value`, create_time, update_time, status, ver, is_delete from config WHERE update_time >= ? and is_delete != id
2026-09-25 12:01:16.786 [] [] [] [] [schedule-pool-179030786974512] DEBUG c.a.r.s.m.C.selectConfigByContext - ==> Parameters: 1970-01-01 08:00:00.0(Timestamp)
2026-09-25 12:01:16.787 [] [] [] [] [schedule-pool-179030786974512] DEBUG c.a.r.s.m.C.selectConfigByContext - <==      Total: 0
2026-09-25 12:01:26.797 [] [] [] [] [schedule-pool-179030786974512] DEBUG c.a.r.s.m.C.selectConfigByContext - ==>  Preparing: select id, code, `group`, `value`, create_time, update_time, status, ver, is_delete from config WHERE update_time >= ? and is_delete != id
2026-09-25 12:01:26.797 [] [] [] [] [schedule-pool-179030786974512] DEBUG c.a.r.s.m.C.selectConfigByContext - ==> Parameters: 1970-01-01 08:00:00.0(Timestamp)
2026-09-25 12:01:26.798 [] [] [] [] [schedule-pool-179030786974512] DEBUG c.a.r.s.m.C.selectConfigByContext - <==      Total: 0
2026-09-25 12:01:36.818 [] [] [] [] [schedule-pool-179030786974512] DEBUG c.a.r.s.m.C.selectConfigByContext - ==>  Preparing: select id, code, `group`, `value`, create_time, update_time, status, ver, is_delete from config WHERE update_time >= ? and is_delete != id
2026-09-25 12:01:36.819 [] [] [] [] [schedule-pool-179030786974512] DEBUG c.a.r.s.m.C.selectConfigByContext - ==> Parameters: 1970-01-01 08:00:00.0(Timestamp)
2026-09-25 12:01:36.827 [] [] [] [] [schedule-pool-179030786974512] DEBUG c.a.r.s.m.C.selectConfigByContext - <==      Total: 0
2026-09-25 12:01:46.831 [] [] [] [] [schedule-pool-179030786974512] DEBUG c.a.r.s.m.C.selectConfigByContext - ==>  Preparing: select id, code, `group`, `value`, create_time, update_time, status, ver, is_delete from config WHERE update_time >= ? and is_delete != id
2026-09-25 12:01:46.831 [] [] [] [] [schedule-pool-179030786974512] DEBUG c.a.r.s.m.C.selectConfigByContext - ==> Parameters: 1970-01-01 08:00:00.0(Timestamp)
2026-09-25 12:01:46.833 [] [] [] [] [schedule-pool-179030786974512] DEBUG c.a.r.s.m.C.selectConfigByContext - <==      Total: 0
2026-09-25 12:01:56.844 [] [] [] [] [schedule-pool-179030786974512] DEBUG c.a.r.s.m.C.selectConfigByContext - ==>  Preparing: select id, code, `group`, `value`, create_time, update_time, status, ver, is_delete from config WHERE update_time >= ? and is_delete != id
2026-09-25 12:01:56.845 [] [] [] [] [schedule-pool-179030786974512] DEBUG c.a.r.s.m.C.selectConfigByContext - ==> Parameters: 1970-01-01 08:00:00.0(Timestamp)
2026-09-25 12:01:56.846 [] [] [] [] [schedule-pool-179030786974512] DEBUG c.a.r.s.m.C.selectConfigByContext - <==      Total: 0
2026-09-25 12:02:06.848 [] [] [] [] [schedule-pool-179030786974512] DEBUG c.a.r.s.m.C.selectConfigByContext - ==>  Preparing: select id, code, `group`, `value`, create_time, update_time, status, ver, is_delete from config WHERE update_time >= ? and is_delete != id
2026-09-25 12:02:06.849 [] [] [] [] [schedule-pool-179030786974512] DEBUG c.a.r.s.m.C.selectConfigByContext - ==> Parameters: 1970-01-01 08:00:00.0(Timestamp)
2026-09-25 12:02:06.850 [] [] [] [] [schedule-pool-179030786974512] DEBUG c.a.r.s.m.C.selectConfigByContext - <==      Total: 0
2026-09-25 12:02:16.856 [] [] [] [] [schedule-pool-179030786974512] DEBUG c.a.r.s.m.C.selectConfigByContext - ==>  Preparing: select id, code, `group`, `value`, create_time, update_time, status, ver, is_delete from config WHERE update_time >= ? and is_delete != id
2026-09-25 12:02:16.856 [] [] [] [] [schedule-pool-179030786974512] DEBUG c.a.r.s.m.C.selectConfigByContext - ==> Parameters: 1970-01-01 08:00:00.0(Timestamp)
2026-09-25 12:02:16.858 [] [] [] [] [schedule-pool-179030786974512] DEBUG c.a.r.s.m.C.selectConfigByContext - <==      Total: 0
2026-09-25 12:02:26.865 [] [] [] [] [schedule-pool-179030786974512] DEBUG c.a.r.s.m.C.selectConfigByContext - ==>  Preparing: select id, code, `group`, `value`, create_time, update_time, status, ver, is_delete from config WHERE update_time >= ? and is_delete != id
2026-09-25 12:02:26.865 [] [] [] [] [schedule-pool-179030786974512] DEBUG c.a.r.s.m.C.selectConfigByContext - ==> Parameters: 1970-01-01 08:00:00.0(Timestamp)
2026-09-25 12:02:26.866 [] [] [] [] [schedule-pool-179030786974512] DEBUG c.a.r.s.m.C.selectConfigByContext - <==      Total: 0
2026-09-25 12:02:36.881 [] [] [] [] [schedule-pool-179030786974512] DEBUG c.a.r.s.m.C.selectConfigByContext - ==>  Preparing: select id, code, `group`, `value`, create_time, update_time, status, ver, is_delete from config WHERE update_time >= ? and is_delete != id
2026-09-25 12:02:36.881 [] [] [] [] [schedule-pool-179030786974512] DEBUG c.a.r.s.m.C.selectConfigByContext - ==> Parameters: 1970-01-01 08:00:00.0(Timestamp)
2026-09-25 12:02:36.883 [] [] [] [] [schedule-pool-179030786974512] DEBUG c.a.r.s.m.C.selectConfigByContext - <==      Total: 0
2026-09-25 12:02:46.894 [] [] [] [] [schedule-pool-179030786974512] DEBUG c.a.r.s.m.C.selectConfigByContext - ==>  Preparing: select id, code, `group`, `value`, create_time, update_time, status, ver, is_delete from config WHERE update_time >= ? and is_delete != id
2026-09-25 12:02:46.894 [] [] [] [] [schedule-pool-179030786974512] DEBUG c.a.r.s.m.C.selectConfigByContext - ==> Parameters: 1970-01-01 08:00:00.0(Timestamp)
2026-09-25 12:02:46.897 [] [] [] [] [schedule-pool-179030786974512] DEBUG c.a.r.s.m.C.selectConfigByContext - <==      Total: 0
2026-09-25 12:02:56.905 [] [] [] [] [schedule-pool-179030786974512] DEBUG c.a.r.s.m.C.selectConfigByContext - ==>  Preparing: select id, code, `group`, `value`, create_time, update_time, status, ver, is_delete from config WHERE update_time >= ? and is_delete != id
2026-09-25 12:02:56.905 [] [] [] [] [schedule-pool-179030786974512] DEBUG c.a.r.s.m.C.selectConfigByContext - ==> Parameters: 1970-01-01 08:00:00.0(Timestamp)
2026-09-25 12:02:56.906 [] [] [] [] [schedule-pool-179030786974512] DEBUG c.a.r.s.m.C.selectConfigByContext - <==      Total: 0
2026-09-25 12:03:06.907 [] [] [] [] [schedule-pool-179030786974512] DEBUG c.a.r.s.m.C.selectConfigByContext - ==>  Preparing: select id, code, `group`, `value`, create_time, update_time, status, ver, is_delete from config WHERE update_time >= ? and is_delete != id
2026-09-25 12:03:06.907 [] [] [] [] [schedule-pool-179030786974512] DEBUG c.a.r.s.m.C.selectConfigByContext - ==> Parameters: 1970-01-01 08:00:00.0(Timestamp)
2026-09-25 12:03:06.908 [] [] [] [] [schedule-pool-179030786974512] DEBUG c.a.r.s.m.C.selectConfigByContext - <==      Total: 0
2026-09-25 12:03:16.918 [] [] [] [] [schedule-pool-179030786974512] DEBUG c.a.r.s.m.C.selectConfigByContext - ==>  Preparing: select id, code, `group`, `value`, create_time, update_time, status, ver, is_delete from config WHERE update_time >= ? and is_delete != id
2026-09-25 12:03:16.918 [] [] [] [] [schedule-pool-179030786974512] DEBUG c.a.r.s.m.C.selectConfigByContext - ==> Parameters: 1970-01-01 08:00:00.0(Timestamp)
2026-09-25 12:03:16.918 [] [] [] [] [schedule-pool-179030786974512] DEBUG c.a.r.s.m.C.selectConfigByContext - <==      Total: 0
2026-09-25 12:03:26.931 [] [] [] [] [schedule-pool-179030786974512] DEBUG c.a.r.s.m.C.selectConfigByContext - ==>  Preparing: select id, code, `group`, `value`, create_time, update_time, status, ver, is_delete from config WHERE update_time >= ? and is_delete != id
2026-09-25 12:03:26.931 [] [] [] [] [schedule-pool-179030786974512] DEBUG c.a.r.s.m.C.selectConfigByContext - ==> Parameters: 1970-01-01 08:00:00.0(Timestamp)
2026-09-25 12:03:26.932 [] [] [] [] [schedule-pool-179030786974512] DEBUG c.a.r.s.m.C.selectConfigByContext - <==      Total: 0
2026-09-25 12:03:36.944 [] [] [] [] [schedule-pool-179030786974512] DEBUG c.a.r.s.m.C.selectConfigByContext - ==>  Preparing: select id, code, `group`, `value`, create_time, update_time, status, ver, is_delete from config WHERE update_time >= ? and is_delete != id
2026-09-25 12:03:36.944 [] [] [] [] [schedule-pool-179030786974512] DEBUG c.a.r.s.m.C.selectConfigByContext - ==> Parameters: 1970-01-01 08:00:00.0(Timestamp)
2026-09-25 12:03:36.945 [] [] [] [] [schedule-pool-179030786974512] DEBUG c.a.r.s.m.C.selectConfigByContext - <==      Total: 0
2026-09-25 12:03:46.949 [] [] [] [] [schedule-pool-179030786974512] DEBUG c.a.r.s.m.C.selectConfigByContext - ==>  Preparing: select id, code, `group`, `value`, create_time, update_time, status, ver, is_delete from config WHERE update_time >= ? and is_delete != id
2026-09-25 12:03:46.949 [] [] [] [] [schedule-pool-179030786974512] DEBUG c.a.r.s.m.C.selectConfigByContext - ==> Parameters: 1970-01-01 08:00:00.0(Timestamp)
2026-09-25 12:03:46.950 [] [] [] [] [schedule-pool-179030786974512] DEBUG c.a.r.s.m.C.selectConfigByContext - <==      Total: 0
2026-09-25 12:03:56.954 [] [] [] [] [schedule-pool-179030786974512] DEBUG c.a.r.s.m.C.selectConfigByContext - ==>  Preparing: select id, code, `group`, `value`, create_time, update_time, status, ver, is_delete from config WHERE update_time >= ? and is_delete != id
2026-09-25 12:03:56.954 [] [] [] [] [schedule-pool-179030786974512] DEBUG c.a.r.s.m.C.selectConfigByContext - ==> Parameters: 1970-01-01 08:00:00.0(Timestamp)
2026-09-25 12:03:56.956 [] [] [] [] [schedule-pool-179030786974512] DEBUG c.a.r.s.m.C.selectConfigByContext - <==      Total: 0
2026-09-25 12:04:06.962 [] [] [] [] [schedule-pool-179030786974512] DEBUG c.a.r.s.m.C.selectConfigByContext - ==>  Preparing: select id, code, `group`, `value`, create_time, update_time, status, ver, is_delete from config WHERE update_time >= ? and is_delete != id
2026-09-25 12:04:06.962 [] [] [] [] [schedule-pool-179030786974512] DEBUG c.a.r.s.m.C.selectConfigByContext - ==> Parameters: 1970-01-01 08:00:00.0(Timestamp)
2026-09-25 12:04:06.964 [] [] [] [] [schedule-pool-179030786974512] DEBUG c.a.r.s.m.C.selectConfigByContext - <==      Total: 0
2026-09-25 12:04:16.973 [] [] [] [] [schedule-pool-179030786974512] DEBUG c.a.r.s.m.C.selectConfigByContext - ==>  Preparing: select id, code, `group`, `value`, create_time, update_time, status, ver, is_delete from config WHERE update_time >= ? and is_delete != id
2026-09-25 12:04:16.973 [] [] [] [] [schedule-pool-179030786974512] DEBUG c.a.r.s.m.C.selectConfigByContext - ==> Parameters: 1970-01-01 08:00:00.0(Timestamp)
2026-09-25 12:04:16.975 [] [] [] [] [schedule-pool-179030786974512] DEBUG c.a.r.s.m.C.selectConfigByContext - <==      Total: 0
2026-09-25 12:04:26.984 [] [] [] [] [schedule-pool-179030786974512] DEBUG c.a.r.s.m.C.selectConfigByContext - ==>  Preparing: select id, code, `group`, `value`, create_time, update_time, status, ver, is_delete from config WHERE update_time >= ? and is_delete != id
2026-09-25 12:04:26.984 [] [] [] [] [schedule-pool-179030786974512] DEBUG c.a.r.s.m.C.selectConfigByContext - ==> Parameters: 1970-01-01 08:00:00.0(Timestamp)
2026-09-25 12:04:26.985 [] [] [] [] [schedule-pool-179030786974512] DEBUG c.a.r.s.m.C.selectConfigByContext - <==      Total: 0
2026-09-25 12:04:36.999 [] [] [] [] [schedule-pool-179030786974512] DEBUG c.a.r.s.m.C.selectConfigByContext - ==>  Preparing: select id, code, `group`, `value`, create_time, update_time, status, ver, is_delete from config WHERE update_time >= ? and is_delete != id
2026-09-25 12:04:36.999 [] [] [] [] [schedule-pool-179030786974512] DEBUG c.a.r.s.m.C.selectConfigByContext - ==> Parameters: 1970-01-01 08:00:00.0(Timestamp)
2026-09-25 12:04:37.000 [] [] [] [] [schedule-pool-179030786974512] DEBUG c.a.r.s.m.C.selectConfigByContext - <==      Total: 0
2026-09-25 12:04:47.011 [] [] [] [] [schedule-pool-179030786974512] DEBUG c.a.r.s.m.C.selectConfigByContext - ==>  Preparing: select id, code, `group`, `value`, create_time, update_time, status, ver, is_delete from config WHERE update_time >= ? and is_delete != id
2026-09-25 12:04:47.011 [] [] [] [] [schedule-pool-179030786974512] DEBUG c.a.r.s.m.C.selectConfigByContext - ==> Parameters: 1970-01-01 08:00:00.0(Timestamp)
2026-09-25 12:04:47.013 [] [] [] [] [schedule-pool-179030786974512] DEBUG c.a.r.s.m.C.selectConfigByContext - <==      Total: 0
2026-09-25 12:04:57.018 [] [] [] [] [schedule-pool-179030786974512] DEBUG c.a.r.s.m.C.selectConfigByContext - ==>  Preparing: select id, code, `group`, `value`, create_time, update_time, status, ver, is_delete from config WHERE update_time >= ? and is_delete != id
2026-09-25 12:04:57.018 [] [] [] [] [schedule-pool-179030786974512] DEBUG c.a.r.s.m.C.selectConfigByContext - ==> Parameters: 1970-01-01 08:00:00.0(Timestamp)
2026-09-25 12:04:57.019 [] [] [] [] [schedule-pool-179030786974512] DEBUG c.a.r.s.m.C.selectConfigByContext - <==      Total: 0
2026-09-25 12:05:07.035 [] [] [] [] [schedule-pool-179030786974512] DEBUG c.a.r.s.m.C.selectConfigByContext - ==>  Preparing: select id, code, `group`, `value`, create_time, update_time, status, ver, is_delete from config WHERE update_time >= ? and is_delete != id
2026-09-25 12:05:07.037 [] [] [] [] [schedule-pool-179030786974512] DEBUG c.a.r.s.m.C.selectConfigByContext - ==> Parameters: 1970-01-01 08:00:00.0(Timestamp)
2026-09-25 12:05:07.038 [] [] [] [] [schedule-pool-179030786974512] DEBUG c.a.r.s.m.C.selectConfigByContext - <==      Total: 0
2026-09-25 12:05:17.057 [] [] [] [] [schedule-pool-179030786974512] DEBUG c.a.r.s.m.C.selectConfigByContext - ==>  Preparing: select id, code, `group`, `value`, create_time, update_time, status, ver, is_delete from config WHERE update_time >= ? and is_delete != id
2026-09-25 12:05:17.057 [] [] [] [] [schedule-pool-179030786974512] DEBUG c.a.r.s.m.C.selectConfigByContext - ==> Parameters: 1970-01-01 08:00:00.0(Timestamp)
2026-09-25 12:05:17.066 [] [] [] [] [schedule-pool-179030786974512] DEBUG c.a.r.s.m.C.selectConfigByContext - <==      Total: 0
2026-09-25 12:05:27.085 [] [] [] [] [schedule-pool-179030786974512] DEBUG c.a.r.s.m.C.selectConfigByContext - ==>  Preparing: select id, code, `group`, `value`, create_time, update_time, status, ver, is_delete from config WHERE update_time >= ? and is_delete != id
2026-09-25 12:05:27.085 [] [] [] [] [schedule-pool-179030786974512] DEBUG c.a.r.s.m.C.selectConfigByContext - ==> Parameters: 1970-01-01 08:00:00.0(Timestamp)
2026-09-25 12:05:27.086 [] [] [] [] [schedule-pool-179030786974512] DEBUG c.a.r.s.m.C.selectConfigByContext - <==      Total: 0
2026-09-25 12:05:37.090 [] [] [] [] [schedule-pool-179030786974512] DEBUG c.a.r.s.m.C.selectConfigByContext - ==>  Preparing: select id, code, `group`, `value`, create_time, update_time, status, ver, is_delete from config WHERE update_time >= ? and is_delete != id
2026-09-25 12:05:37.090 [] [] [] [] [schedule-pool-179030786974512] DEBUG c.a.r.s.m.C.selectConfigByContext - ==> Parameters: 1970-01-01 08:00:00.0(Timestamp)
2026-09-25 12:05:37.093 [] [] [] [] [schedule-pool-179030786974512] DEBUG c.a.r.s.m.C.selectConfigByContext - <==      Total: 0
2026-09-25 12:05:47.107 [] [] [] [] [schedule-pool-179030786974512] DEBUG c.a.r.s.m.C.selectConfigByContext - ==>  Preparing: select id, code, `group`, `value`, create_time, update_time, status, ver, is_delete from config WHERE update_time >= ? and is_delete != id
2026-09-25 12:05:47.107 [] [] [] [] [schedule-pool-179030786974512] DEBUG c.a.r.s.m.C.selectConfigByContext - ==> Parameters: 1970-01-01 08:00:00.0(Timestamp)
2026-09-25 12:05:47.109 [] [] [] [] [schedule-pool-179030786974512] DEBUG c.a.r.s.m.C.selectConfigByContext - <==      Total: 0
2026-09-25 12:05:57.117 [] [] [] [] [schedule-pool-179030786974512] DEBUG c.a.r.s.m.C.selectConfigByContext - ==>  Preparing: select id, code, `group`, `value`, create_time, update_time, status, ver, is_delete from config WHERE update_time >= ? and is_delete != id
2026-09-25 12:05:57.117 [] [] [] [] [schedule-pool-179030786974512] DEBUG c.a.r.s.m.C.selectConfigByContext - ==> Parameters: 1970-01-01 08:00:00.0(Timestamp)
2026-09-25 12:05:57.119 [] [] [] [] [schedule-pool-179030786974512] DEBUG c.a.r.s.m.C.selectConfigByContext - <==      Total: 0
2026-09-25 12:06:07.133 [] [] [] [] [schedule-pool-179030786974512] DEBUG c.a.r.s.m.C.selectConfigByContext - ==>  Preparing: select id, code, `group`, `value`, create_time, update_time, status, ver, is_delete from config WHERE update_time >= ? and is_delete != id
2026-09-25 12:06:07.133 [] [] [] [] [schedule-pool-179030786974512] DEBUG c.a.r.s.m.C.selectConfigByContext - ==> Parameters: 1970-01-01 08:00:00.0(Timestamp)
2026-09-25 12:06:07.135 [] [] [] [] [schedule-pool-179030786974512] DEBUG c.a.r.s.m.C.selectConfigByContext - <==      Total: 0
2026-09-25 12:06:17.137 [] [] [] [] [schedule-pool-179030786974512] DEBUG c.a.r.s.m.C.selectConfigByContext - ==>  Preparing: select id, code, `group`, `value`, create_time, update_time, status, ver, is_delete from config WHERE update_time >= ? and is_delete != id
2026-09-25 12:06:17.137 [] [] [] [] [schedule-pool-179030786974512] DEBUG c.a.r.s.m.C.selectConfigByContext - ==> Parameters: 1970-01-01 08:00:00.0(Timestamp)
2026-09-25 12:06:17.139 [] [] [] [] [schedule-pool-179030786974512] DEBUG c.a.r.s.m.C.selectConfigByContext - <==      Total: 0
2026-09-25 12:06:27.155 [] [] [] [] [schedule-pool-179030786974512] DEBUG c.a.r.s.m.C.selectConfigByContext - ==>  Preparing: select id, code, `group`, `value`, create_time, update_time, status, ver, is_delete from config WHERE update_time >= ? and is_delete != id
2026-09-25 12:06:27.155 [] [] [] [] [schedule-pool-179030786974512] DEBUG c.a.r.s.m.C.selectConfigByContext - ==> Parameters: 1970-01-01 08:00:00.0(Timestamp)
2026-09-25 12:06:27.156 [] [] [] [] [schedule-pool-179030786974512] DEBUG c.a.r.s.m.C.selectConfigByContext - <==      Total: 0
2026-09-25 12:06:37.164 [] [] [] [] [schedule-pool-179030786974512] DEBUG c.a.r.s.m.C.selectConfigByContext - ==>  Preparing: select id, code, `group`, `value`, create_time, update_time, status, ver, is_delete from config WHERE update_time >= ? and is_delete != id
2026-09-25 12:06:37.164 [] [] [] [] [schedule-pool-179030786974512] DEBUG c.a.r.s.m.C.selectConfigByContext - ==> Parameters: 1970-01-01 08:00:00.0(Timestamp)
2026-09-25 12:06:37.165 [] [] [] [] [schedule-pool-179030786974512] DEBUG c.a.r.s.m.C.selectConfigByContext - <==      Total: 0
2026-09-25 12:06:47.172 [] [] [] [] [schedule-pool-179030786974512] DEBUG c.a.r.s.m.C.selectConfigByContext - ==>  Preparing: select id, code, `group`, `value`, create_time, update_time, status, ver, is_delete from config WHERE update_time >= ? and is_delete != id
2026-09-25 12:06:47.173 [] [] [] [] [schedule-pool-179030786974512] DEBUG c.a.r.s.m.C.selectConfigByContext - ==> Parameters: 1970-01-01 08:00:00.0(Timestamp)
2026-09-25 12:06:47.176 [] [] [] [] [schedule-pool-179030786974512] DEBUG c.a.r.s.m.C.selectConfigByContext - <==      Total: 0
2026-09-25 12:06:57.188 [] [] [] [] [schedule-pool-179030786974512] DEBUG c.a.r.s.m.C.selectConfigByContext - ==>  Preparing: select id, code, `group`, `value`, create_time, update_time, status, ver, is_delete from config WHERE update_time >= ? and is_delete != id
2026-09-25 12:06:57.188 [] [] [] [] [schedule-pool-179030786974512] DEBUG c.a.r.s.m.C.selectConfigByContext - ==> Parameters: 1970-01-01 08:00:00.0(Timestamp)
2026-09-25 12:06:57.190 [] [] [] [] [schedule-pool-179030786974512] DEBUG c.a.r.s.m.C.selectConfigByContext - <==      Total: 0
2026-09-25 12:07:07.193 [] [] [] [] [schedule-pool-179030786974512] DEBUG c.a.r.s.m.C.selectConfigByContext - ==>  Preparing: select id, code, `group`, `value`, create_time, update_time, status, ver, is_delete from config WHERE update_time >= ? and is_delete != id
2026-09-25 12:07:07.193 [] [] [] [] [schedule-pool-179030786974512] DEBUG c.a.r.s.m.C.selectConfigByContext - ==> Parameters: 1970-01-01 08:00:00.0(Timestamp)
2026-09-25 12:07:07.194 [] [] [] [] [schedule-pool-179030786974512] DEBUG c.a.r.s.m.C.selectConfigByContext - <==      Total: 0
2026-09-25 12:07:17.209 [] [] [] [] [schedule-pool-179030786974512] DEBUG c.a.r.s.m.C.selectConfigByContext - ==>  Preparing: select id, code, `group`, `value`, create_time, update_time, status, ver, is_delete from config WHERE update_time >= ? and is_delete != id
2026-09-25 12:07:17.209 [] [] [] [] [schedule-pool-179030786974512] DEBUG c.a.r.s.m.C.selectConfigByContext - ==> Parameters: 1970-01-01 08:00:00.0(Timestamp)
2026-09-25 12:07:17.214 [] [] [] [] [schedule-pool-179030786974512] DEBUG c.a.r.s.m.C.selectConfigByContext - <==      Total: 0
2026-09-25 12:07:27.221 [] [] [] [] [schedule-pool-179030786974512] DEBUG c.a.r.s.m.C.selectConfigByContext - ==>  Preparing: select id, code, `group`, `value`, create_time, update_time, status, ver, is_delete from config WHERE update_time >= ? and is_delete != id
2026-09-25 12:07:27.221 [] [] [] [] [schedule-pool-179030786974512] DEBUG c.a.r.s.m.C.selectConfigByContext - ==> Parameters: 1970-01-01 08:00:00.0(Timestamp)
2026-09-25 12:07:27.223 [] [] [] [] [schedule-pool-179030786974512] DEBUG c.a.r.s.m.C.selectConfigByContext - <==      Total: 0
2026-09-25 12:07:37.227 [] [] [] [] [schedule-pool-179030786974512] DEBUG c.a.r.s.m.C.selectConfigByContext - ==>  Preparing: select id, code, `group`, `value`, create_time, update_time, status, ver, is_delete from config WHERE update_time >= ? and is_delete != id
2026-09-25 12:07:37.227 [] [] [] [] [schedule-pool-179030786974512] DEBUG c.a.r.s.m.C.selectConfigByContext - ==> Parameters: 1970-01-01 08:00:00.0(Timestamp)
2026-09-25 12:07:37.230 [] [] [] [] [schedule-pool-179030786974512] DEBUG c.a.r.s.m.C.selectConfigByContext - <==      Total: 0
2026-09-25 12:07:47.240 [] [] [] [] [schedule-pool-179030786974512] DEBUG c.a.r.s.m.C.selectConfigByContext - ==>  Preparing: select id, code, `group`, `value`, create_time, update_time, status, ver, is_delete from config WHERE update_time >= ? and is_delete != id
2026-09-25 12:07:47.240 [] [] [] [] [schedule-pool-179030786974512] DEBUG c.a.r.s.m.C.selectConfigByContext - ==> Parameters: 1970-01-01 08:00:00.0(Timestamp)
2026-09-25 12:07:47.242 [] [] [] [] [schedule-pool-179030786974512] DEBUG c.a.r.s.m.C.selectConfigByContext - <==      Total: 0
2026-09-25 12:07:57.260 [] [] [] [] [schedule-pool-179030786974512] DEBUG c.a.r.s.m.C.selectConfigByContext - ==>  Preparing: select id, code, `group`, `value`, create_time, update_time, status, ver, is_delete from config WHERE update_time >= ? and is_delete != id
2026-09-25 12:07:57.260 [] [] [] [] [schedule-pool-179030786974512] DEBUG c.a.r.s.m.C.selectConfigByContext - ==> Parameters: 1970-01-01 08:00:00.0(Timestamp)
2026-09-25 12:07:57.261 [] [] [] [] [schedule-pool-179030786974512] DEBUG c.a.r.s.m.C.selectConfigByContext - <==      Total: 0
2026-09-25 12:08:07.279 [] [] [] [] [schedule-pool-179030786974512] DEBUG c.a.r.s.m.C.selectConfigByContext - ==>  Preparing: select id, code, `group`, `value`, create_time, update_time, status, ver, is_delete from config WHERE update_time >= ? and is_delete != id
2026-09-25 12:08:07.279 [] [] [] [] [schedule-pool-179030786974512] DEBUG c.a.r.s.m.C.selectConfigByContext - ==> Parameters: 1970-01-01 08:00:00.0(Timestamp)
2026-09-25 12:08:07.286 [] [] [] [] [schedule-pool-179030786974512] DEBUG c.a.r.s.m.C.selectConfigByContext - <==      Total: 0
2026-09-25 12:08:17.291 [] [] [] [] [schedule-pool-179030786974512] DEBUG c.a.r.s.m.C.selectConfigByContext - ==>  Preparing: select id, code, `group`, `value`, create_time, update_time, status, ver, is_delete from config WHERE update_time >= ? and is_delete != id
2026-09-25 12:08:17.291 [] [] [] [] [schedule-pool-179030786974512] DEBUG c.a.r.s.m.C.selectConfigByContext - ==> Parameters: 1970-01-01 08:00:00.0(Timestamp)
2026-09-25 12:08:17.292 [] [] [] [] [schedule-pool-179030786974512] DEBUG c.a.r.s.m.C.selectConfigByContext - <==      Total: 0
2026-09-25 12:08:27.310 [] [] [] [] [schedule-pool-179030786974512] DEBUG c.a.r.s.m.C.selectConfigByContext - ==>  Preparing: select id, code, `group`, `value`, create_time, update_time, status, ver, is_delete from config WHERE update_time >= ? and is_delete != id
2026-09-25 12:08:27.311 [] [] [] [] [schedule-pool-179030786974512] DEBUG c.a.r.s.m.C.selectConfigByContext - ==> Parameters: 1970-01-01 08:00:00.0(Timestamp)
2026-09-25 12:08:27.313 [] [] [] [] [schedule-pool-179030786974512] DEBUG c.a.r.s.m.C.selectConfigByContext - <==      Total: 0
2026-09-25 12:08:37.329 [] [] [] [] [schedule-pool-179030786974512] DEBUG c.a.r.s.m.C.selectConfigByContext - ==>  Preparing: select id, code, `group`, `value`, create_time, update_time, status, ver, is_delete from config WHERE update_time >= ? and is_delete != id
2026-09-25 12:08:37.329 [] [] [] [] [schedule-pool-179030786974512] DEBUG c.a.r.s.m.C.selectConfigByContext - ==> Parameters: 1970-01-01 08:00:00.0(Timestamp)
2026-09-25 12:08:37.329 [] [] [] [] [schedule-pool-179030786974512] DEBUG c.a.r.s.m.C.selectConfigByContext - <==      Total: 0
2026-09-25 12:08:47.349 [] [] [] [] [schedule-pool-179030786974512] DEBUG c.a.r.s.m.C.selectConfigByContext - ==>  Preparing: select id, code, `group`, `value`, create_time, update_time, status, ver, is_delete from config WHERE update_time >= ? and is_delete != id
2026-09-25 12:08:47.349 [] [] [] [] [schedule-pool-179030786974512] DEBUG c.a.r.s.m.C.selectConfigByContext - ==> Parameters: 1970-01-01 08:00:00.0(Timestamp)
2026-09-25 12:08:47.350 [] [] [] [] [schedule-pool-179030786974512] DEBUG c.a.r.s.m.C.selectConfigByContext - <==      Total: 0
2026-09-25 12:08:57.354 [] [] [] [] [schedule-pool-179030786974512] DEBUG c.a.r.s.m.C.selectConfigByContext - ==>  Preparing: select id, code, `group`, `value`, create_time, update_time, status, ver, is_delete from config WHERE update_time >= ? and is_delete != id
2026-09-25 12:08:57.354 [] [] [] [] [schedule-pool-179030786974512] DEBUG c.a.r.s.m.C.selectConfigByContext - ==> Parameters: 1970-01-01 08:00:00.0(Timestamp)
2026-09-25 12:08:57.357 [] [] [] [] [schedule-pool-179030786974512] DEBUG c.a.r.s.m.C.selectConfigByContext - <==      Total: 0
2026-09-25 12:09:07.368 [] [] [] [] [schedule-pool-179030786974512] DEBUG c.a.r.s.m.C.selectConfigByContext - ==>  Preparing: select id, code, `group`, `value`, create_time, update_time, status, ver, is_delete from config WHERE update_time >= ? and is_delete != id
2026-09-25 12:09:07.368 [] [] [] [] [schedule-pool-179030786974512] DEBUG c.a.r.s.m.C.selectConfigByContext - ==> Parameters: 1970-01-01 08:00:00.0(Timestamp)
2026-09-25 12:09:07.369 [] [] [] [] [schedule-pool-179030786974512] DEBUG c.a.r.s.m.C.selectConfigByContext - <==      Total: 0
2026-09-25 12:09:17.380 [] [] [] [] [schedule-pool-179030786974512] DEBUG c.a.r.s.m.C.selectConfigByContext - ==>  Preparing: select id, code, `group`, `value`, create_time, update_time, status, ver, is_delete from config WHERE update_time >= ? and is_delete != id
2026-09-25 12:09:17.380 [] [] [] [] [schedule-pool-179030786974512] DEBUG c.a.r.s.m.C.selectConfigByContext - ==> Parameters: 1970-01-01 08:00:00.0(Timestamp)
2026-09-25 12:09:17.383 [] [] [] [] [schedule-pool-179030786974512] DEBUG c.a.r.s.m.C.selectConfigByContext - <==      Total: 0
2026-09-25 12:09:27.395 [] [] [] [] [schedule-pool-179030786974512] DEBUG c.a.r.s.m.C.selectConfigByContext - ==>  Preparing: select id, code, `group`, `value`, create_time, update_time, status, ver, is_delete from config WHERE update_time >= ? and is_delete != id
2026-09-25 12:09:27.395 [] [] [] [] [schedule-pool-179030786974512] DEBUG c.a.r.s.m.C.selectConfigByContext - ==> Parameters: 1970-01-01 08:00:00.0(Timestamp)
2026-09-25 12:09:27.396 [] [] [] [] [schedule-pool-179030786974512] DEBUG c.a.r.s.m.C.selectConfigByContext - <==      Total: 0
2026-09-25 12:09:37.406 [] [] [] [] [schedule-pool-179030786974512] DEBUG c.a.r.s.m.C.selectConfigByContext - ==>  Preparing: select id, code, `group`, `value`, create_time, update_time, status, ver, is_delete from config WHERE update_time >= ? and is_delete != id
2026-09-25 12:09:37.406 [] [] [] [] [schedule-pool-179030786974512] DEBUG c.a.r.s.m.C.selectConfigByContext - ==> Parameters: 1970-01-01 08:00:00.0(Timestamp)
2026-09-25 12:09:37.409 [] [] [] [] [schedule-pool-179030786974512] DEBUG c.a.r.s.m.C.selectConfigByContext - <==      Total: 0
2026-09-25 12:09:47.422 [] [] [] [] [schedule-pool-179030786974512] DEBUG c.a.r.s.m.C.selectConfigByContext - ==>  Preparing: select id, code, `group`, `value`, create_time, update_time, status, ver, is_delete from config WHERE update_time >= ? and is_delete != id
2026-09-25 12:09:47.422 [] [] [] [] [schedule-pool-179030786974512] DEBUG c.a.r.s.m.C.selectConfigByContext - ==> Parameters: 1970-01-01 08:00:00.0(Timestamp)
2026-09-25 12:09:47.424 [] [] [] [] [schedule-pool-179030786974512] DEBUG c.a.r.s.m.C.selectConfigByContext - <==      Total: 0
2026-09-25 12:09:57.436 [] [] [] [] [schedule-pool-179030786974512] DEBUG c.a.r.s.m.C.selectConfigByContext - ==>  Preparing: select id, code, `group`, `value`, create_time, update_time, status, ver, is_delete from config WHERE update_time >= ? and is_delete != id
2026-09-25 12:09:57.436 [] [] [] [] [schedule-pool-179030786974512] DEBUG c.a.r.s.m.C.selectConfigByContext - ==> Parameters: 1970-01-01 08:00:00.0(Timestamp)
2026-09-25 12:09:57.440 [] [] [] [] [schedule-pool-179030786974512] DEBUG c.a.r.s.m.C.selectConfigByContext - <==      Total: 0
2026-09-25 12:10:07.452 [] [] [] [] [schedule-pool-179030786974512] DEBUG c.a.r.s.m.C.selectConfigByContext - ==>  Preparing: select id, code, `group`, `value`, create_time, update_time, status, ver, is_delete from config WHERE update_time >= ? and is_delete != id
2026-09-25 12:10:07.452 [] [] [] [] [schedule-pool-179030786974512] DEBUG c.a.r.s.m.C.selectConfigByContext - ==> Parameters: 1970-01-01 08:00:00.0(Timestamp)
2026-09-25 12:10:07.455 [] [] [] [] [schedule-pool-179030786974512] DEBUG c.a.r.s.m.C.selectConfigByContext - <==      Total: 0
2026-09-25 12:10:17.472 [] [] [] [] [schedule-pool-179030786974512] DEBUG c.a.r.s.m.C.selectConfigByContext - ==>  Preparing: select id, code, `group`, `value`, create_time, update_time, status, ver, is_delete from config WHERE update_time >= ? and is_delete != id
2026-09-25 12:10:17.472 [] [] [] [] [schedule-pool-179030786974512] DEBUG c.a.r.s.m.C.selectConfigByContext - ==> Parameters: 1970-01-01 08:00:00.0(Timestamp)
2026-09-25 12:10:17.475 [] [] [] [] [schedule-pool-179030786974512] DEBUG c.a.r.s.m.C.selectConfigByContext - <==      Total: 0
2026-09-25 12:10:27.482 [] [] [] [] [schedule-pool-179030786974512] DEBUG c.a.r.s.m.C.selectConfigByContext - ==>  Preparing: select id, code, `group`, `value`, create_time, update_time, status, ver, is_delete from config WHERE update_time >= ? and is_delete != id
2026-09-25 12:10:27.482 [] [] [] [] [schedule-pool-179030786974512] DEBUG c.a.r.s.m.C.selectConfigByContext - ==> Parameters: 1970-01-01 08:00:00.0(Timestamp)
2026-09-25 12:10:27.484 [] [] [] [] [schedule-pool-179030786974512] DEBUG c.a.r.s.m.C.selectConfigByContext - <==      Total: 0
2026-09-25 12:10:37.487 [] [] [] [] [schedule-pool-179030786974512] DEBUG c.a.r.s.m.C.selectConfigByContext - ==>  Preparing: select id, code, `group`, `value`, create_time, update_time, status, ver, is_delete from config WHERE update_time >= ? and is_delete != id
2026-09-25 12:10:37.487 [] [] [] [] [schedule-pool-179030786974512] DEBUG c.a.r.s.m.C.selectConfigByContext - ==> Parameters: 1970-01-01 08:00:00.0(Timestamp)
2026-09-25 12:10:37.488 [] [] [] [] [schedule-pool-179030786974512] DEBUG c.a.r.s.m.C.selectConfigByContext - <==      Total: 0
2026-09-25 12:10:47.504 [] [] [] [] [schedule-pool-179030786974512] DEBUG c.a.r.s.m.C.selectConfigByContext - ==>  Preparing: select id, code, `group`, `value`, create_time, update_time, status, ver, is_delete from config WHERE update_time >= ? and is_delete != id
2026-09-25 12:10:47.504 [] [] [] [] [schedule-pool-179030786974512] DEBUG c.a.r.s.m.C.selectConfigByContext - ==> Parameters: 1970-01-01 08:00:00.0(Timestamp)
2026-09-25 12:10:47.507 [] [] [] [] [schedule-pool-179030786974512] DEBUG c.a.r.s.m.C.selectConfigByContext - <==      Total: 0
2026-09-25 12:10:57.512 [] [] [] [] [schedule-pool-179030786974512] DEBUG c.a.r.s.m.C.selectConfigByContext - ==>  Preparing: select id, code, `group`, `value`, create_time, update_time, status, ver, is_delete from config WHERE update_time >= ? and is_delete != id
2026-09-25 12:10:57.513 [] [] [] [] [schedule-pool-179030786974512] DEBUG c.a.r.s.m.C.selectConfigByContext - ==> Parameters: 1970-01-01 08:00:00.0(Timestamp)
2026-09-25 12:10:57.514 [] [] [] [] [schedule-pool-179030786974512] DEBUG c.a.r.s.m.C.selectConfigByContext - <==      Total: 0
2026-09-25 12:11:07.520 [] [] [] [] [schedule-pool-179030786974512] DEBUG c.a.r.s.m.C.selectConfigByContext - ==>  Preparing: select id, code, `group`, `value`, create_time, update_time, status, ver, is_delete from config WHERE update_time >= ? and is_delete != id
2026-09-25 12:11:07.520 [] [] [] [] [schedule-pool-179030786974512] DEBUG c.a.r.s.m.C.selectConfigByContext - ==> Parameters: 1970-01-01 08:00:00.0(Timestamp)
2026-09-25 12:11:07.522 [] [] [] [] [schedule-pool-179030786974512] DEBUG c.a.r.s.m.C.selectConfigByContext - <==      Total: 0
2026-09-25 12:11:17.527 [] [] [] [] [schedule-pool-179030786974512] DEBUG c.a.r.s.m.C.selectConfigByContext - ==>  Preparing: select id, code, `group`, `value`, create_time, update_time, status, ver, is_delete from config WHERE update_time >= ? and is_delete != id
2026-09-25 12:11:17.527 [] [] [] [] [schedule-pool-179030786974512] DEBUG c.a.r.s.m.C.selectConfigByContext - ==> Parameters: 1970-01-01 08:00:00.0(Timestamp)
2026-09-25 12:11:17.528 [] [] [] [] [schedule-pool-179030786974512] DEBUG c.a.r.s.m.C.selectConfigByContext - <==      Total: 0
2026-09-25 12:11:27.542 [] [] [] [] [schedule-pool-179030786974512] DEBUG c.a.r.s.m.C.selectConfigByContext - ==>  Preparing: select id, code, `group`, `value`, create_time, update_time, status, ver, is_delete from config WHERE update_time >= ? and is_delete != id
2026-09-25 12:11:27.542 [] [] [] [] [schedule-pool-179030786974512] DEBUG c.a.r.s.m.C.selectConfigByContext - ==> Parameters: 1970-01-01 08:00:00.0(Timestamp)
2026-09-25 12:11:27.543 [] [] [] [] [schedule-pool-179030786974512] DEBUG c.a.r.s.m.C.selectConfigByContext - <==      Total: 0
2026-09-25 12:11:37.550 [] [] [] [] [schedule-pool-179030786974512] DEBUG c.a.r.s.m.C.selectConfigByContext - ==>  Preparing: select id, code, `group`, `value`, create_time, update_time, status, ver, is_delete from config WHERE update_time >= ? and is_delete != id
2026-09-25 12:11:37.550 [] [] [] [] [schedule-pool-179030786974512] DEBUG c.a.r.s.m.C.selectConfigByContext - ==> Parameters: 1970-01-01 08:00:00.0(Timestamp)
2026-09-25 12:11:37.552 [] [] [] [] [schedule-pool-179030786974512] DEBUG c.a.r.s.m.C.selectConfigByContext - <==      Total: 0
2026-09-25 12:11:47.562 [] [] [] [] [schedule-pool-179030786974512] DEBUG c.a.r.s.m.C.selectConfigByContext - ==>  Preparing: select id, code, `group`, `value`, create_time, update_time, status, ver, is_delete from config WHERE update_time >= ? and is_delete != id
2026-09-25 12:11:47.562 [] [] [] [] [schedule-pool-179030786974512] DEBUG c.a.r.s.m.C.selectConfigByContext - ==> Parameters: 1970-01-01 08:00:00.0(Timestamp)
2026-09-25 12:11:47.563 [] [] [] [] [schedule-pool-179030786974512] DEBUG c.a.r.s.m.C.selectConfigByContext - <==      Total: 0
2026-09-25 12:11:57.575 [] [] [] [] [schedule-pool-179030786974512] DEBUG c.a.r.s.m.C.selectConfigByContext - ==>  Preparing: select id, code, `group`, `value`, create_time, update_time, status, ver, is_delete from config WHERE update_time >= ? and is_delete != id
2026-09-25 12:11:57.576 [] [] [] [] [schedule-pool-179030786974512] DEBUG c.a.r.s.m.C.selectConfigByContext - ==> Parameters: 1970-01-01 08:00:00.0(Timestamp)
2026-09-25 12:11:57.577 [] [] [] [] [schedule-pool-179030786974512] DEBUG c.a.r.s.m.C.selectConfigByContext - <==      Total: 0
2026-09-25 12:12:07.580 [] [] [] [] [schedule-pool-179030786974512] DEBUG c.a.r.s.m.C.selectConfigByContext - ==>  Preparing: select id, code, `group`, `value`, create_time, update_time, status, ver, is_delete from config WHERE update_time >= ? and is_delete != id
2026-09-25 12:12:07.581 [] [] [] [] [schedule-pool-179030786974512] DEBUG c.a.r.s.m.C.selectConfigByContext - ==> Parameters: 1970-01-01 08:00:00.0(Timestamp)
2026-09-25 12:12:07.581 [] [] [] [] [schedule-pool-179030786974512] DEBUG c.a.r.s.m.C.selectConfigByContext - <==      Total: 0
2026-09-25 12:12:17.590 [] [] [] [] [schedule-pool-179030786974512] DEBUG c.a.r.s.m.C.selectConfigByContext - ==>  Preparing: select id, code, `group`, `value`, create_time, update_time, status, ver, is_delete from config WHERE update_time >= ? and is_delete != id
2026-09-25 12:12:17.590 [] [] [] [] [schedule-pool-179030786974512] DEBUG c.a.r.s.m.C.selectConfigByContext - ==> Parameters: 1970-01-01 08:00:00.0(Timestamp)
2026-09-25 12:12:17.592 [] [] [] [] [schedule-pool-179030786974512] DEBUG c.a.r.s.m.C.selectConfigByContext - <==      Total: 0
2026-09-25 12:12:27.609 [] [] [] [] [schedule-pool-179030786974512] DEBUG c.a.r.s.m.C.selectConfigByContext - ==>  Preparing: select id, code, `group`, `value`, create_time, update_time, status, ver, is_delete from config WHERE update_time >= ? and is_delete != id
2026-09-25 12:12:27.609 [] [] [] [] [schedule-pool-179030786974512] DEBUG c.a.r.s.m.C.selectConfigByContext - ==> Parameters: 1970-01-01 08:00:00.0(Timestamp)
2026-09-25 12:12:27.611 [] [] [] [] [schedule-pool-179030786974512] DEBUG c.a.r.s.m.C.selectConfigByContext - <==      Total: 0
2026-09-25 12:12:37.623 [] [] [] [] [schedule-pool-179030786974512] DEBUG c.a.r.s.m.C.selectConfigByContext - ==>  Preparing: select id, code, `group`, `value`, create_time, update_time, status, ver, is_delete from config WHERE update_time >= ? and is_delete != id
2026-09-25 12:12:37.623 [] [] [] [] [schedule-pool-179030786974512] DEBUG c.a.r.s.m.C.selectConfigByContext - ==> Parameters: 1970-01-01 08:00:00.0(Timestamp)
2026-09-25 12:12:37.624 [] [] [] [] [schedule-pool-179030786974512] DEBUG c.a.r.s.m.C.selectConfigByContext - <==      Total: 0
2026-09-25 12:12:47.634 [] [] [] [] [schedule-pool-179030786974512] DEBUG c.a.r.s.m.C.selectConfigByContext - ==>  Preparing: select id, code, `group`, `value`, create_time, update_time, status, ver, is_delete from config WHERE update_time >= ? and is_delete != id
2026-09-25 12:12:47.634 [] [] [] [] [schedule-pool-179030786974512] DEBUG c.a.r.s.m.C.selectConfigByContext - ==> Parameters: 1970-01-01 08:00:00.0(Timestamp)
2026-09-25 12:12:47.635 [] [] [] [] [schedule-pool-179030786974512] DEBUG c.a.r.s.m.C.selectConfigByContext - <==      Total: 0
2026-09-25 12:12:57.647 [] [] [] [] [schedule-pool-179030786974512] DEBUG c.a.r.s.m.C.selectConfigByContext - ==>  Preparing: select id, code, `group`, `value`, create_time, update_time, status, ver, is_delete from config WHERE update_time >= ? and is_delete != id
2026-09-25 12:12:57.648 [] [] [] [] [schedule-pool-179030786974512] DEBUG c.a.r.s.m.C.selectConfigByContext - ==> Parameters: 1970-01-01 08:00:00.0(Timestamp)
2026-09-25 12:12:57.649 [] [] [] [] [schedule-pool-179030786974512] DEBUG c.a.r.s.m.C.selectConfigByContext - <==      Total: 0
2026-09-25 12:13:07.657 [] [] [] [] [schedule-pool-179030786974512] DEBUG c.a.r.s.m.C.selectConfigByContext - ==>  Preparing: select id, code, `group`, `value`, create_time, update_time, status, ver, is_delete from config WHERE update_time >= ? and is_delete != id
2026-09-25 12:13:07.657 [] [] [] [] [schedule-pool-179030786974512] DEBUG c.a.r.s.m.C.selectConfigByContext - ==> Parameters: 1970-01-01 08:00:00.0(Timestamp)
2026-09-25 12:13:07.658 [] [] [] [] [schedule-pool-179030786974512] DEBUG c.a.r.s.m.C.selectConfigByContext - <==      Total: 0
2026-09-25 12:13:17.665 [] [] [] [] [schedule-pool-179030786974537] DEBUG c.a.r.s.m.C.selectConfigByContext - ==>  Preparing: select id, code, `group`, `value`, create_time, update_time, status, ver, is_delete from config WHERE update_time >= ? and is_delete != id
2026-09-25 12:13:17.665 [] [] [] [] [schedule-pool-179030786974537] DEBUG c.a.r.s.m.C.selectConfigByContext - ==> Parameters: 1970-01-01 08:00:00.0(Timestamp)
2026-09-25 12:13:17.666 [] [] [] [] [schedule-pool-179030786974537] DEBUG c.a.r.s.m.C.selectConfigByContext - <==      Total: 0
2026-09-25 12:13:27.681 [] [] [] [] [schedule-pool-179030786974537] DEBUG c.a.r.s.m.C.selectConfigByContext - ==>  Preparing: select id, code, `group`, `value`, create_time, update_time, status, ver, is_delete from config WHERE update_time >= ? and is_delete != id
2026-09-25 12:13:27.681 [] [] [] [] [schedule-pool-179030786974537] DEBUG c.a.r.s.m.C.selectConfigByContext - ==> Parameters: 1970-01-01 08:00:00.0(Timestamp)
2026-09-25 12:13:27.684 [] [] [] [] [schedule-pool-179030786974537] DEBUG c.a.r.s.m.C.selectConfigByContext - <==      Total: 0
2026-09-25 12:13:37.699 [] [] [] [] [schedule-pool-179030786974537] DEBUG c.a.r.s.m.C.selectConfigByContext - ==>  Preparing: select id, code, `group`, `value`, create_time, update_time, status, ver, is_delete from config WHERE update_time >= ? and is_delete != id
2026-09-25 12:13:37.699 [] [] [] [] [schedule-pool-179030786974537] DEBUG c.a.r.s.m.C.selectConfigByContext - ==> Parameters: 1970-01-01 08:00:00.0(Timestamp)
2026-09-25 12:13:37.701 [] [] [] [] [schedule-pool-179030786974537] DEBUG c.a.r.s.m.C.selectConfigByContext - <==      Total: 0
2026-09-25 12:13:47.708 [] [] [] [] [schedule-pool-179030786974537] DEBUG c.a.r.s.m.C.selectConfigByContext - ==>  Preparing: select id, code, `group`, `value`, create_time, update_time, status, ver, is_delete from config WHERE update_time >= ? and is_delete != id
2026-09-25 12:13:47.708 [] [] [] [] [schedule-pool-179030786974537] DEBUG c.a.r.s.m.C.selectConfigByContext - ==> Parameters: 1970-01-01 08:00:00.0(Timestamp)
2026-09-25 12:13:47.709 [] [] [] [] [schedule-pool-179030786974537] DEBUG c.a.r.s.m.C.selectConfigByContext - <==      Total: 0
2026-09-25 12:13:57.714 [] [] [] [] [schedule-pool-179030786974537] DEBUG c.a.r.s.m.C.selectConfigByContext - ==>  Preparing: select id, code, `group`, `value`, create_time, update_time, status, ver, is_delete from config WHERE update_time >= ? and is_delete != id
2026-09-25 12:13:57.715 [] [] [] [] [schedule-pool-179030786974537] DEBUG c.a.r.s.m.C.selectConfigByContext - ==> Parameters: 1970-01-01 08:00:00.0(Timestamp)
2026-09-25 12:13:57.717 [] [] [] [] [schedule-pool-179030786974537] DEBUG c.a.r.s.m.C.selectConfigByContext - <==      Total: 0
2026-09-25 12:14:07.733 [] [] [] [] [schedule-pool-179030786974537] DEBUG c.a.r.s.m.C.selectConfigByContext - ==>  Preparing: select id, code, `group`, `value`, create_time, update_time, status, ver, is_delete from config WHERE update_time >= ? and is_delete != id
2026-09-25 12:14:07.733 [] [] [] [] [schedule-pool-179030786974537] DEBUG c.a.r.s.m.C.selectConfigByContext - ==> Parameters: 1970-01-01 08:00:00.0(Timestamp)
2026-09-25 12:14:07.734 [] [] [] [] [schedule-pool-179030786974537] DEBUG c.a.r.s.m.C.selectConfigByContext - <==      Total: 0
2026-09-25 12:14:17.744 [] [] [] [] [schedule-pool-179030786974537] DEBUG c.a.r.s.m.C.selectConfigByContext - ==>  Preparing: select id, code, `group`, `value`, create_time, update_time, status, ver, is_delete from config WHERE update_time >= ? and is_delete != id
2026-09-25 12:14:17.744 [] [] [] [] [schedule-pool-179030786974537] DEBUG c.a.r.s.m.C.selectConfigByContext - ==> Parameters: 1970-01-01 08:00:00.0(Timestamp)
2026-09-25 12:14:17.745 [] [] [] [] [schedule-pool-179030786974537] DEBUG c.a.r.s.m.C.selectConfigByContext - <==      Total: 0
2026-09-25 12:14:27.758 [] [] [] [] [schedule-pool-179030786974537] DEBUG c.a.r.s.m.C.selectConfigByContext - ==>  Preparing: select id, code, `group`, `value`, create_time, update_time, status, ver, is_delete from config WHERE update_time >= ? and is_delete != id
2026-09-25 12:14:27.758 [] [] [] [] [schedule-pool-179030786974537] DEBUG c.a.r.s.m.C.selectConfigByContext - ==> Parameters: 1970-01-01 08:00:00.0(Timestamp)
2026-09-25 12:14:27.759 [] [] [] [] [schedule-pool-179030786974537] DEBUG c.a.r.s.m.C.selectConfigByContext - <==      Total: 0
2026-09-25 12:14:37.777 [] [] [] [] [schedule-pool-179030786974537] DEBUG c.a.r.s.m.C.selectConfigByContext - ==>  Preparing: select id, code, `group`, `value`, create_time, update_time, status, ver, is_delete from config WHERE update_time >= ? and is_delete != id
2026-09-25 12:14:37.777 [] [] [] [] [schedule-pool-179030786974537] DEBUG c.a.r.s.m.C.selectConfigByContext - ==> Parameters: 1970-01-01 08:00:00.0(Timestamp)
2026-09-25 12:14:37.780 [] [] [] [] [schedule-pool-179030786974537] DEBUG c.a.r.s.m.C.selectConfigByContext - <==      Total: 0
2026-09-25 12:14:47.790 [] [] [] [] [schedule-pool-179030786974537] DEBUG c.a.r.s.m.C.selectConfigByContext - ==>  Preparing: select id, code, `group`, `value`, create_time, update_time, status, ver, is_delete from config WHERE update_time >= ? and is_delete != id
2026-09-25 12:14:47.790 [] [] [] [] [schedule-pool-179030786974537] DEBUG c.a.r.s.m.C.selectConfigByContext - ==> Parameters: 1970-01-01 08:00:00.0(Timestamp)
2026-09-25 12:14:47.792 [] [] [] [] [schedule-pool-179030786974537] DEBUG c.a.r.s.m.C.selectConfigByContext - <==      Total: 0
2026-09-25 12:14:57.796 [] [] [] [] [schedule-pool-179030786974537] DEBUG c.a.r.s.m.C.selectConfigByContext - ==>  Preparing: select id, code, `group`, `value`, create_time, update_time, status, ver, is_delete from config WHERE update_time >= ? and is_delete != id
2026-09-25 12:14:57.796 [] [] [] [] [schedule-pool-179030786974537] DEBUG c.a.r.s.m.C.selectConfigByContext - ==> Parameters: 1970-01-01 08:00:00.0(Timestamp)
2026-09-25 12:14:57.797 [] [] [] [] [schedule-pool-179030786974537] DEBUG c.a.r.s.m.C.selectConfigByContext - <==      Total: 0
2026-09-25 12:15:07.806 [] [] [] [] [schedule-pool-179030786974537] DEBUG c.a.r.s.m.C.selectConfigByContext - ==>  Preparing: select id, code, `group`, `value`, create_time, update_time, status, ver, is_delete from config WHERE update_time >= ? and is_delete != id
2026-09-25 12:15:07.806 [] [] [] [] [schedule-pool-179030786974537] DEBUG c.a.r.s.m.C.selectConfigByContext - ==> Parameters: 1970-01-01 08:00:00.0(Timestamp)
2026-09-25 12:15:07.807 [] [] [] [] [schedule-pool-179030786974537] DEBUG c.a.r.s.m.C.selectConfigByContext - <==      Total: 0
2026-09-25 12:15:17.817 [] [] [] [] [schedule-pool-179030786974537] DEBUG c.a.r.s.m.C.selectConfigByContext - ==>  Preparing: select id, code, `group`, `value`, create_time, update_time, status, ver, is_delete from config WHERE update_time >= ? and is_delete != id
2026-09-25 12:15:17.818 [] [] [] [] [schedule-pool-179030786974537] DEBUG c.a.r.s.m.C.selectConfigByContext - ==> Parameters: 1970-01-01 08:00:00.0(Timestamp)
2026-09-25 12:15:17.819 [] [] [] [] [schedule-pool-179030786974537] DEBUG c.a.r.s.m.C.selectConfigByContext - <==      Total: 0
2026-09-25 12:15:27.831 [] [] [] [] [schedule-pool-179030786974537] DEBUG c.a.r.s.m.C.selectConfigByContext - ==>  Preparing: select id, code, `group`, `value`, create_time, update_time, status, ver, is_delete from config WHERE update_time >= ? and is_delete != id
2026-09-25 12:15:27.831 [] [] [] [] [schedule-pool-179030786974537] DEBUG c.a.r.s.m.C.selectConfigByContext - ==> Parameters: 1970-01-01 08:00:00.0(Timestamp)
2026-09-25 12:15:27.832 [] [] [] [] [schedule-pool-179030786974537] DEBUG c.a.r.s.m.C.selectConfigByContext - <==      Total: 0
2026-09-25 12:15:37.842 [] [] [] [] [schedule-pool-179030786974537] DEBUG c.a.r.s.m.C.selectConfigByContext - ==>  Preparing: select id, code, `group`, `value`, create_time, update_time, status, ver, is_delete from config WHERE update_time >= ? and is_delete != id
2026-09-25 12:15:37.843 [] [] [] [] [schedule-pool-179030786974537] DEBUG c.a.r.s.m.C.selectConfigByContext - ==> Parameters: 1970-01-01 08:00:00.0(Timestamp)
2026-09-25 12:15:37.844 [] [] [] [] [schedule-pool-179030786974537] DEBUG c.a.r.s.m.C.selectConfigByContext - <==      Total: 0
2026-09-25 12:15:47.852 [] [] [] [] [schedule-pool-179030786974537] DEBUG c.a.r.s.m.C.selectConfigByContext - ==>  Preparing: select id, code, `group`, `value`, create_time, update_time, status, ver, is_delete from config WHERE update_time >= ? and is_delete != id
2026-09-25 12:15:47.852 [] [] [] [] [schedule-pool-179030786974537] DEBUG c.a.r.s.m.C.selectConfigByContext - ==> Parameters: 1970-01-01 08:00:00.0(Timestamp)
2026-09-25 12:15:47.853 [] [] [] [] [schedule-pool-179030786974537] DEBUG c.a.r.s.m.C.selectConfigByContext - <==      Total: 0
2026-09-25 12:15:57.866 [] [] [] [] [schedule-pool-179030786974537] DEBUG c.a.r.s.m.C.selectConfigByContext - ==>  Preparing: select id, code, `group`, `value`, create_time, update_time, status, ver, is_delete from config WHERE update_time >= ? and is_delete != id
2026-09-25 12:15:57.866 [] [] [] [] [schedule-pool-179030786974537] DEBUG c.a.r.s.m.C.selectConfigByContext - ==> Parameters: 1970-01-01 08:00:00.0(Timestamp)
2026-09-25 12:15:57.866 [] [] [] [] [schedule-pool-179030786974537] DEBUG c.a.r.s.m.C.selectConfigByContext - <==      Total: 0
2026-09-25 12:16:07.877 [] [] [] [] [schedule-pool-179030786974537] DEBUG c.a.r.s.m.C.selectConfigByContext - ==>  Preparing: select id, code, `group`, `value`, create_time, update_time, status, ver, is_delete from config WHERE update_time >= ? and is_delete != id
2026-09-25 12:16:07.877 [] [] [] [] [schedule-pool-179030786974537] DEBUG c.a.r.s.m.C.selectConfigByContext - ==> Parameters: 1970-01-01 08:00:00.0(Timestamp)
2026-09-25 12:16:07.878 [] [] [] [] [schedule-pool-179030786974537] DEBUG c.a.r.s.m.C.selectConfigByContext - <==      Total: 0
2026-09-25 12:16:27.893 [] [] [] [] [schedule-pool-17903097822660] DEBUG c.a.r.s.m.C.selectConfigByContext - ==>  Preparing: select id, code, `group`, `value`, create_time, update_time, status, ver, is_delete from config WHERE update_time >= ? and is_delete != id
2026-09-25 12:16:27.906 [] [] [] [] [schedule-pool-17903097822660] DEBUG c.a.r.s.m.C.selectConfigByContext - ==> Parameters: 1970-01-01 08:00:00.0(Timestamp)
2026-09-25 12:16:27.920 [] [] [] [] [schedule-pool-17903097822660] DEBUG c.a.r.s.m.C.selectConfigByContext - <==      Total: 0
2026-09-25 12:16:37.936 [] [] [] [] [schedule-pool-17903097822661] DEBUG c.a.r.s.m.C.selectConfigByContext - ==>  Preparing: select id, code, `group`, `value`, create_time, update_time, status, ver, is_delete from config WHERE update_time >= ? and is_delete != id
2026-09-25 12:16:37.936 [] [] [] [] [schedule-pool-17903097822661] DEBUG c.a.r.s.m.C.selectConfigByContext - ==> Parameters: 1970-01-01 08:00:00.0(Timestamp)
2026-09-25 12:16:37.940 [] [] [] [] [schedule-pool-17903097822661] DEBUG c.a.r.s.m.C.selectConfigByContext - <==      Total: 0
2026-09-25 12:16:47.945 [] [] [] [] [schedule-pool-17903097822660] DEBUG c.a.r.s.m.C.selectConfigByContext - ==>  Preparing: select id, code, `group`, `value`, create_time, update_time, status, ver, is_delete from config WHERE update_time >= ? and is_delete != id
2026-09-25 12:16:47.946 [] [] [] [] [schedule-pool-17903097822660] DEBUG c.a.r.s.m.C.selectConfigByContext - ==> Parameters: 1970-01-01 08:00:00.0(Timestamp)
2026-09-25 12:16:47.947 [] [] [] [] [schedule-pool-17903097822660] DEBUG c.a.r.s.m.C.selectConfigByContext - <==      Total: 0
2026-09-25 12:16:57.956 [] [] [] [] [schedule-pool-17903097822661] DEBUG c.a.r.s.m.C.selectConfigByContext - ==>  Preparing: select id, code, `group`, `value`, create_time, update_time, status, ver, is_delete from config WHERE update_time >= ? and is_delete != id
2026-09-25 12:16:57.956 [] [] [] [] [schedule-pool-17903097822661] DEBUG c.a.r.s.m.C.selectConfigByContext - ==> Parameters: 1970-01-01 08:00:00.0(Timestamp)
2026-09-25 12:16:57.957 [] [] [] [] [schedule-pool-17903097822661] DEBUG c.a.r.s.m.C.selectConfigByContext - <==      Total: 0
2026-09-25 12:17:07.962 [] [] [] [] [schedule-pool-17903097822662] DEBUG c.a.r.s.m.C.selectConfigByContext - ==>  Preparing: select id, code, `group`, `value`, create_time, update_time, status, ver, is_delete from config WHERE update_time >= ? and is_delete != id
2026-09-25 12:17:07.963 [] [] [] [] [schedule-pool-17903097822662] DEBUG c.a.r.s.m.C.selectConfigByContext - ==> Parameters: 1970-01-01 08:00:00.0(Timestamp)
2026-09-25 12:17:07.964 [] [] [] [] [schedule-pool-17903097822662] DEBUG c.a.r.s.m.C.selectConfigByContext - <==      Total: 0
2026-09-25 12:17:17.972 [] [] [] [] [schedule-pool-17903097822660] DEBUG c.a.r.s.m.C.selectConfigByContext - ==>  Preparing: select id, code, `group`, `value`, create_time, update_time, status, ver, is_delete from config WHERE update_time >= ? and is_delete != id
2026-09-25 12:17:17.972 [] [] [] [] [schedule-pool-17903097822660] DEBUG c.a.r.s.m.C.selectConfigByContext - ==> Parameters: 1970-01-01 08:00:00.0(Timestamp)
2026-09-25 12:17:17.973 [] [] [] [] [schedule-pool-17903097822660] DEBUG c.a.r.s.m.C.selectConfigByContext - <==      Total: 0
2026-09-25 12:17:27.987 [] [] [] [] [schedule-pool-17903097822663] DEBUG c.a.r.s.m.C.selectConfigByContext - ==>  Preparing: select id, code, `group`, `value`, create_time, update_time, status, ver, is_delete from config WHERE update_time >= ? and is_delete != id
2026-09-25 12:17:27.987 [] [] [] [] [schedule-pool-17903097822663] DEBUG c.a.r.s.m.C.selectConfigByContext - ==> Parameters: 1970-01-01 08:00:00.0(Timestamp)
2026-09-25 12:17:27.989 [] [] [] [] [schedule-pool-17903097822663] DEBUG c.a.r.s.m.C.selectConfigByContext - <==      Total: 0
2026-09-25 12:17:37.993 [] [] [] [] [schedule-pool-17903097822661] DEBUG c.a.r.s.m.C.selectConfigByContext - ==>  Preparing: select id, code, `group`, `value`, create_time, update_time, status, ver, is_delete from config WHERE update_time >= ? and is_delete != id
2026-09-25 12:17:37.993 [] [] [] [] [schedule-pool-17903097822661] DEBUG c.a.r.s.m.C.selectConfigByContext - ==> Parameters: 1970-01-01 08:00:00.0(Timestamp)
2026-09-25 12:17:37.994 [] [] [] [] [schedule-pool-17903097822661] DEBUG c.a.r.s.m.C.selectConfigByContext - <==      Total: 0
2026-09-25 12:17:48.006 [] [] [] [] [schedule-pool-17903097822664] DEBUG c.a.r.s.m.C.selectConfigByContext - ==>  Preparing: select id, code, `group`, `value`, create_time, update_time, status, ver, is_delete from config WHERE update_time >= ? and is_delete != id
2026-09-25 12:17:48.006 [] [] [] [] [schedule-pool-17903097822664] DEBUG c.a.r.s.m.C.selectConfigByContext - ==> Parameters: 1970-01-01 08:00:00.0(Timestamp)
2026-09-25 12:17:48.007 [] [] [] [] [schedule-pool-17903097822664] DEBUG c.a.r.s.m.C.selectConfigByContext - <==      Total: 0
2026-09-25 12:17:58.018 [] [] [] [] [schedule-pool-17903097822662] DEBUG c.a.r.s.m.C.selectConfigByContext - ==>  Preparing: select id, code, `group`, `value`, create_time, update_time, status, ver, is_delete from config WHERE update_time >= ? and is_delete != id
2026-09-25 12:17:58.019 [] [] [] [] [schedule-pool-17903097822662] DEBUG c.a.r.s.m.C.selectConfigByContext - ==> Parameters: 1970-01-01 08:00:00.0(Timestamp)
2026-09-25 12:17:58.023 [] [] [] [] [schedule-pool-17903097822662] DEBUG c.a.r.s.m.C.selectConfigByContext - <==      Total: 0
2026-09-25 12:18:08.036 [] [] [] [] [schedule-pool-17903097822665] DEBUG c.a.r.s.m.C.selectConfigByContext - ==>  Preparing: select id, code, `group`, `value`, create_time, update_time, status, ver, is_delete from config WHERE update_time >= ? and is_delete != id
2026-09-25 12:18:08.036 [] [] [] [] [schedule-pool-17903097822665] DEBUG c.a.r.s.m.C.selectConfigByContext - ==> Parameters: 1970-01-01 08:00:00.0(Timestamp)
2026-09-25 12:18:08.038 [] [] [] [] [schedule-pool-17903097822665] DEBUG c.a.r.s.m.C.selectConfigByContext - <==      Total: 0
2026-09-25 12:18:18.051 [] [] [] [] [schedule-pool-17903097822665] DEBUG c.a.r.s.m.C.selectConfigByContext - ==>  Preparing: select id, code, `group`, `value`, create_time, update_time, status, ver, is_delete from config WHERE update_time >= ? and is_delete != id
2026-09-25 12:18:18.052 [] [] [] [] [schedule-pool-17903097822665] DEBUG c.a.r.s.m.C.selectConfigByContext - ==> Parameters: 1970-01-01 08:00:00.0(Timestamp)
2026-09-25 12:18:18.052 [] [] [] [] [schedule-pool-17903097822665] DEBUG c.a.r.s.m.C.selectConfigByContext - <==      Total: 0
2026-09-25 12:18:28.061 [] [] [] [] [schedule-pool-17903097822666] DEBUG c.a.r.s.m.C.selectConfigByContext - ==>  Preparing: select id, code, `group`, `value`, create_time, update_time, status, ver, is_delete from config WHERE update_time >= ? and is_delete != id
2026-09-25 12:18:28.062 [] [] [] [] [schedule-pool-17903097822666] DEBUG c.a.r.s.m.C.selectConfigByContext - ==> Parameters: 1970-01-01 08:00:00.0(Timestamp)
2026-09-25 12:18:28.066 [] [] [] [] [schedule-pool-17903097822666] DEBUG c.a.r.s.m.C.selectConfigByContext - <==      Total: 0
2026-09-25 12:18:38.074 [] [] [] [] [schedule-pool-17903097822663] DEBUG c.a.r.s.m.C.selectConfigByContext - ==>  Preparing: select id, code, `group`, `value`, create_time, update_time, status, ver, is_delete from config WHERE update_time >= ? and is_delete != id
2026-09-25 12:18:38.075 [] [] [] [] [schedule-pool-17903097822663] DEBUG c.a.r.s.m.C.selectConfigByContext - ==> Parameters: 1970-01-01 08:00:00.0(Timestamp)
2026-09-25 12:18:38.081 [] [] [] [] [schedule-pool-17903097822663] DEBUG c.a.r.s.m.C.selectConfigByContext - <==      Total: 0
2026-09-25 12:18:48.083 [] [] [] [] [schedule-pool-17903097822667] DEBUG c.a.r.s.m.C.selectConfigByContext - ==>  Preparing: select id, code, `group`, `value`, create_time, update_time, status, ver, is_delete from config WHERE update_time >= ? and is_delete != id
2026-09-25 12:18:48.084 [] [] [] [] [schedule-pool-17903097822667] DEBUG c.a.r.s.m.C.selectConfigByContext - ==> Parameters: 1970-01-01 08:00:00.0(Timestamp)
2026-09-25 12:18:48.085 [] [] [] [] [schedule-pool-17903097822667] DEBUG c.a.r.s.m.C.selectConfigByContext - <==      Total: 0
2026-09-25 12:18:58.087 [] [] [] [] [schedule-pool-17903097822661] DEBUG c.a.r.s.m.C.selectConfigByContext - ==>  Preparing: select id, code, `group`, `value`, create_time, update_time, status, ver, is_delete from config WHERE update_time >= ? and is_delete != id
2026-09-25 12:18:58.088 [] [] [] [] [schedule-pool-17903097822661] DEBUG c.a.r.s.m.C.selectConfigByContext - ==> Parameters: 1970-01-01 08:00:00.0(Timestamp)
2026-09-25 12:18:58.089 [] [] [] [] [schedule-pool-17903097822661] DEBUG c.a.r.s.m.C.selectConfigByContext - <==      Total: 0
2026-09-25 12:19:08.100 [] [] [] [] [schedule-pool-17903097822668] DEBUG c.a.r.s.m.C.selectConfigByContext - ==>  Preparing: select id, code, `group`, `value`, create_time, update_time, status, ver, is_delete from config WHERE update_time >= ? and is_delete != id
2026-09-25 12:19:08.100 [] [] [] [] [schedule-pool-17903097822668] DEBUG c.a.r.s.m.C.selectConfigByContext - ==> Parameters: 1970-01-01 08:00:00.0(Timestamp)
2026-09-25 12:19:08.101 [] [] [] [] [schedule-pool-17903097822668] DEBUG c.a.r.s.m.C.selectConfigByContext - <==      Total: 0
2026-09-25 12:19:18.111 [] [] [] [] [schedule-pool-17903097822664] DEBUG c.a.r.s.m.C.selectConfigByContext - ==>  Preparing: select id, code, `group`, `value`, create_time, update_time, status, ver, is_delete from config WHERE update_time >= ? and is_delete != id
2026-09-25 12:19:18.111 [] [] [] [] [schedule-pool-17903097822664] DEBUG c.a.r.s.m.C.selectConfigByContext - ==> Parameters: 1970-01-01 08:00:00.0(Timestamp)
2026-09-25 12:19:18.112 [] [] [] [] [schedule-pool-17903097822664] DEBUG c.a.r.s.m.C.selectConfigByContext - <==      Total: 0
2026-09-25 12:19:28.119 [] [] [] [] [schedule-pool-17903097822669] DEBUG c.a.r.s.m.C.selectConfigByContext - ==>  Preparing: select id, code, `group`, `value`, create_time, update_time, status, ver, is_delete from config WHERE update_time >= ? and is_delete != id
2026-09-25 12:19:28.119 [] [] [] [] [schedule-pool-17903097822669] DEBUG c.a.r.s.m.C.selectConfigByContext - ==> Parameters: 1970-01-01 08:00:00.0(Timestamp)
2026-09-25 12:19:28.121 [] [] [] [] [schedule-pool-17903097822669] DEBUG c.a.r.s.m.C.selectConfigByContext - <==      Total: 0
2026-09-25 12:19:38.125 [] [] [] [] [schedule-pool-17903097822662] DEBUG c.a.r.s.m.C.selectConfigByContext - ==>  Preparing: select id, code, `group`, `value`, create_time, update_time, status, ver, is_delete from config WHERE update_time >= ? and is_delete != id
2026-09-25 12:19:38.126 [] [] [] [] [schedule-pool-17903097822662] DEBUG c.a.r.s.m.C.selectConfigByContext - ==> Parameters: 1970-01-01 08:00:00.0(Timestamp)
2026-09-25 12:19:38.127 [] [] [] [] [schedule-pool-17903097822662] DEBUG c.a.r.s.m.C.selectConfigByContext - <==      Total: 0
2026-09-25 12:19:48.144 [] [] [] [] [schedule-pool-179030978226610] DEBUG c.a.r.s.m.C.selectConfigByContext - ==>  Preparing: select id, code, `group`, `value`, create_time, update_time, status, ver, is_delete from config WHERE update_time >= ? and is_delete != id
2026-09-25 12:19:48.144 [] [] [] [] [schedule-pool-179030978226610] DEBUG c.a.r.s.m.C.selectConfigByContext - ==> Parameters: 1970-01-01 08:00:00.0(Timestamp)
2026-09-25 12:19:48.146 [] [] [] [] [schedule-pool-179030978226610] DEBUG c.a.r.s.m.C.selectConfigByContext - <==      Total: 0
2026-09-25 12:19:58.159 [] [] [] [] [schedule-pool-179030978226610] DEBUG c.a.r.s.m.C.selectConfigByContext - ==>  Preparing: select id, code, `group`, `value`, create_time, update_time, status, ver, is_delete from config WHERE update_time >= ? and is_delete != id
2026-09-25 12:19:58.160 [] [] [] [] [schedule-pool-179030978226610] DEBUG c.a.r.s.m.C.selectConfigByContext - ==> Parameters: 1970-01-01 08:00:00.0(Timestamp)
2026-09-25 12:19:58.161 [] [] [] [] [schedule-pool-179030978226610] DEBUG c.a.r.s.m.C.selectConfigByContext - <==      Total: 0
2026-09-25 12:20:08.176 [] [] [] [] [schedule-pool-179030978226611] DEBUG c.a.r.s.m.C.selectConfigByContext - ==>  Preparing: select id, code, `group`, `value`, create_time, update_time, status, ver, is_delete from config WHERE update_time >= ? and is_delete != id
2026-09-25 12:20:08.176 [] [] [] [] [schedule-pool-179030978226611] DEBUG c.a.r.s.m.C.selectConfigByContext - ==> Parameters: 1970-01-01 08:00:00.0(Timestamp)
2026-09-25 12:20:08.177 [] [] [] [] [schedule-pool-179030978226611] DEBUG c.a.r.s.m.C.selectConfigByContext - <==      Total: 0
2026-09-25 12:20:18.183 [] [] [] [] [schedule-pool-17903097822665] DEBUG c.a.r.s.m.C.selectConfigByContext - ==>  Preparing: select id, code, `group`, `value`, create_time, update_time, status, ver, is_delete from config WHERE update_time >= ? and is_delete != id
2026-09-25 12:20:18.183 [] [] [] [] [schedule-pool-17903097822665] DEBUG c.a.r.s.m.C.selectConfigByContext - ==> Parameters: 1970-01-01 08:00:00.0(Timestamp)
2026-09-25 12:20:18.184 [] [] [] [] [schedule-pool-17903097822665] DEBUG c.a.r.s.m.C.selectConfigByContext - <==      Total: 0
2026-09-25 12:20:28.199 [] [] [] [] [schedule-pool-179030978226612] DEBUG c.a.r.s.m.C.selectConfigByContext - ==>  Preparing: select id, code, `group`, `value`, create_time, update_time, status, ver, is_delete from config WHERE update_time >= ? and is_delete != id
2026-09-25 12:20:28.199 [] [] [] [] [schedule-pool-179030978226612] DEBUG c.a.r.s.m.C.selectConfigByContext - ==> Parameters: 1970-01-01 08:00:00.0(Timestamp)
2026-09-25 12:20:28.203 [] [] [] [] [schedule-pool-179030978226612] DEBUG c.a.r.s.m.C.selectConfigByContext - <==      Total: 0
2026-09-25 12:20:38.217 [] [] [] [] [schedule-pool-179030978226612] DEBUG c.a.r.s.m.C.selectConfigByContext - ==>  Preparing: select id, code, `group`, `value`, create_time, update_time, status, ver, is_delete from config WHERE update_time >= ? and is_delete != id
2026-09-25 12:20:38.217 [] [] [] [] [schedule-pool-179030978226612] DEBUG c.a.r.s.m.C.selectConfigByContext - ==> Parameters: 1970-01-01 08:00:00.0(Timestamp)
2026-09-25 12:20:38.218 [] [] [] [] [schedule-pool-179030978226612] DEBUG c.a.r.s.m.C.selectConfigByContext - <==      Total: 0
2026-09-25 12:20:48.228 [] [] [] [] [schedule-pool-179030978226613] DEBUG c.a.r.s.m.C.selectConfigByContext - ==>  Preparing: select id, code, `group`, `value`, create_time, update_time, status, ver, is_delete from config WHERE update_time >= ? and is_delete != id
2026-09-25 12:20:48.228 [] [] [] [] [schedule-pool-179030978226613] DEBUG c.a.r.s.m.C.selectConfigByContext - ==> Parameters: 1970-01-01 08:00:00.0(Timestamp)
2026-09-25 12:20:48.229 [] [] [] [] [schedule-pool-179030978226613] DEBUG c.a.r.s.m.C.selectConfigByContext - <==      Total: 0
2026-09-25 12:20:58.233 [] [] [] [] [schedule-pool-17903097822663] DEBUG c.a.r.s.m.C.selectConfigByContext - ==>  Preparing: select id, code, `group`, `value`, create_time, update_time, status, ver, is_delete from config WHERE update_time >= ? and is_delete != id
2026-09-25 12:20:58.233 [] [] [] [] [schedule-pool-17903097822663] DEBUG c.a.r.s.m.C.selectConfigByContext - ==> Parameters: 1970-01-01 08:00:00.0(Timestamp)
2026-09-25 12:20:58.235 [] [] [] [] [schedule-pool-17903097822663] DEBUG c.a.r.s.m.C.selectConfigByContext - <==      Total: 0
2026-09-25 12:21:08.240 [] [] [] [] [schedule-pool-179030978226614] DEBUG c.a.r.s.m.C.selectConfigByContext - ==>  Preparing: select id, code, `group`, `value`, create_time, update_time, status, ver, is_delete from config WHERE update_time >= ? and is_delete != id
2026-09-25 12:21:08.240 [] [] [] [] [schedule-pool-179030978226614] DEBUG c.a.r.s.m.C.selectConfigByContext - ==> Parameters: 1970-01-01 08:00:00.0(Timestamp)
2026-09-25 12:21:08.241 [] [] [] [] [schedule-pool-179030978226614] DEBUG c.a.r.s.m.C.selectConfigByContext - <==      Total: 0
2026-09-25 12:21:18.252 [] [] [] [] [schedule-pool-17903097822667] DEBUG c.a.r.s.m.C.selectConfigByContext - ==>  Preparing: select id, code, `group`, `value`, create_time, update_time, status, ver, is_delete from config WHERE update_time >= ? and is_delete != id
2026-09-25 12:21:18.253 [] [] [] [] [schedule-pool-17903097822667] DEBUG c.a.r.s.m.C.selectConfigByContext - ==> Parameters: 1970-01-01 08:00:00.0(Timestamp)
2026-09-25 12:21:18.255 [] [] [] [] [schedule-pool-17903097822667] DEBUG c.a.r.s.m.C.selectConfigByContext - <==      Total: 0
2026-09-25 12:21:28.271 [] [] [] [] [schedule-pool-179030978226615] DEBUG c.a.r.s.m.C.selectConfigByContext - ==>  Preparing: select id, code, `group`, `value`, create_time, update_time, status, ver, is_delete from config WHERE update_time >= ? and is_delete != id
2026-09-25 12:21:28.271 [] [] [] [] [schedule-pool-179030978226615] DEBUG c.a.r.s.m.C.selectConfigByContext - ==> Parameters: 1970-01-01 08:00:00.0(Timestamp)
2026-09-25 12:21:28.272 [] [] [] [] [schedule-pool-179030978226615] DEBUG c.a.r.s.m.C.selectConfigByContext - <==      Total: 0
2026-09-25 12:21:38.289 [] [] [] [] [schedule-pool-17903097822661] DEBUG c.a.r.s.m.C.selectConfigByContext - ==>  Preparing: select id, code, `group`, `value`, create_time, update_time, status, ver, is_delete from config WHERE update_time >= ? and is_delete != id
2026-09-25 12:21:38.290 [] [] [] [] [schedule-pool-17903097822661] DEBUG c.a.r.s.m.C.selectConfigByContext - ==> Parameters: 1970-01-01 08:00:00.0(Timestamp)
2026-09-25 12:21:38.293 [] [] [] [] [schedule-pool-17903097822661] DEBUG c.a.r.s.m.C.selectConfigByContext - <==      Total: 0
2026-09-25 12:21:48.302 [] [] [] [] [schedule-pool-179030978226616] DEBUG c.a.r.s.m.C.selectConfigByContext - ==>  Preparing: select id, code, `group`, `value`, create_time, update_time, status, ver, is_delete from config WHERE update_time >= ? and is_delete != id
2026-09-25 12:21:48.303 [] [] [] [] [schedule-pool-179030978226616] DEBUG c.a.r.s.m.C.selectConfigByContext - ==> Parameters: 1970-01-01 08:00:00.0(Timestamp)
2026-09-25 12:21:48.305 [] [] [] [] [schedule-pool-179030978226616] DEBUG c.a.r.s.m.C.selectConfigByContext - <==      Total: 0
2026-09-25 12:21:58.322 [] [] [] [] [schedule-pool-179030978226616] DEBUG c.a.r.s.m.C.selectConfigByContext - ==>  Preparing: select id, code, `group`, `value`, create_time, update_time, status, ver, is_delete from config WHERE update_time >= ? and is_delete != id
2026-09-25 12:21:58.322 [] [] [] [] [schedule-pool-179030978226616] DEBUG c.a.r.s.m.C.selectConfigByContext - ==> Parameters: 1970-01-01 08:00:00.0(Timestamp)
2026-09-25 12:21:58.326 [] [] [] [] [schedule-pool-179030978226616] DEBUG c.a.r.s.m.C.selectConfigByContext - <==      Total: 0
2026-09-25 12:22:08.330 [] [] [] [] [schedule-pool-179030978226617] DEBUG c.a.r.s.m.C.selectConfigByContext - ==>  Preparing: select id, code, `group`, `value`, create_time, update_time, status, ver, is_delete from config WHERE update_time >= ? and is_delete != id
2026-09-25 12:22:08.331 [] [] [] [] [schedule-pool-179030978226617] DEBUG c.a.r.s.m.C.selectConfigByContext - ==> Parameters: 1970-01-01 08:00:00.0(Timestamp)
2026-09-25 12:22:08.332 [] [] [] [] [schedule-pool-179030978226617] DEBUG c.a.r.s.m.C.selectConfigByContext - <==      Total: 0
2026-09-25 12:22:18.346 [] [] [] [] [schedule-pool-17903097822664] DEBUG c.a.r.s.m.C.selectConfigByContext - ==>  Preparing: select id, code, `group`, `value`, create_time, update_time, status, ver, is_delete from config WHERE update_time >= ? and is_delete != id
2026-09-25 12:22:18.347 [] [] [] [] [schedule-pool-17903097822664] DEBUG c.a.r.s.m.C.selectConfigByContext - ==> Parameters: 1970-01-01 08:00:00.0(Timestamp)
2026-09-25 12:22:18.348 [] [] [] [] [schedule-pool-17903097822664] DEBUG c.a.r.s.m.C.selectConfigByContext - <==      Total: 0
2026-09-25 12:22:28.358 [] [] [] [] [schedule-pool-179030978226618] DEBUG c.a.r.s.m.C.selectConfigByContext - ==>  Preparing: select id, code, `group`, `value`, create_time, update_time, status, ver, is_delete from config WHERE update_time >= ? and is_delete != id
2026-09-25 12:22:28.358 [] [] [] [] [schedule-pool-179030978226618] DEBUG c.a.r.s.m.C.selectConfigByContext - ==> Parameters: 1970-01-01 08:00:00.0(Timestamp)
2026-09-25 12:22:28.360 [] [] [] [] [schedule-pool-179030978226618] DEBUG c.a.r.s.m.C.selectConfigByContext - <==      Total: 0
2026-09-25 12:22:38.362 [] [] [] [] [schedule-pool-179030978226618] DEBUG c.a.r.s.m.C.selectConfigByContext - ==>  Preparing: select id, code, `group`, `value`, create_time, update_time, status, ver, is_delete from config WHERE update_time >= ? and is_delete != id
2026-09-25 12:22:38.362 [] [] [] [] [schedule-pool-179030978226618] DEBUG c.a.r.s.m.C.selectConfigByContext - ==> Parameters: 1970-01-01 08:00:00.0(Timestamp)
2026-09-25 12:22:38.364 [] [] [] [] [schedule-pool-179030978226618] DEBUG c.a.r.s.m.C.selectConfigByContext - <==      Total: 0
2026-09-25 12:22:48.378 [] [] [] [] [schedule-pool-179030978226619] DEBUG c.a.r.s.m.C.selectConfigByContext - ==>  Preparing: select id, code, `group`, `value`, create_time, update_time, status, ver, is_delete from config WHERE update_time >= ? and is_delete != id
2026-09-25 12:22:48.378 [] [] [] [] [schedule-pool-179030978226619] DEBUG c.a.r.s.m.C.selectConfigByContext - ==> Parameters: 1970-01-01 08:00:00.0(Timestamp)
2026-09-25 12:22:48.380 [] [] [] [] [schedule-pool-179030978226619] DEBUG c.a.r.s.m.C.selectConfigByContext - <==      Total: 0
2026-09-25 12:22:58.384 [] [] [] [] [schedule-pool-17903097822662] DEBUG c.a.r.s.m.C.selectConfigByContext - ==>  Preparing: select id, code, `group`, `value`, create_time, update_time, status, ver, is_delete from config WHERE update_time >= ? and is_delete != id
2026-09-25 12:22:58.387 [] [] [] [] [schedule-pool-17903097822662] DEBUG c.a.r.s.m.C.selectConfigByContext - ==> Parameters: 1970-01-01 08:00:00.0(Timestamp)
2026-09-25 12:22:58.388 [] [] [] [] [schedule-pool-17903097822662] DEBUG c.a.r.s.m.C.selectConfigByContext - <==      Total: 0
2026-09-25 12:23:08.405 [] [] [] [] [schedule-pool-179030978226620] DEBUG c.a.r.s.m.C.selectConfigByContext - ==>  Preparing: select id, code, `group`, `value`, create_time, update_time, status, ver, is_delete from config WHERE update_time >= ? and is_delete != id
2026-09-25 12:23:08.406 [] [] [] [] [schedule-pool-179030978226620] DEBUG c.a.r.s.m.C.selectConfigByContext - ==> Parameters: 1970-01-01 08:00:00.0(Timestamp)
2026-09-25 12:23:08.408 [] [] [] [] [schedule-pool-179030978226620] DEBUG c.a.r.s.m.C.selectConfigByContext - <==      Total: 0
2026-09-25 12:23:18.425 [] [] [] [] [schedule-pool-179030978226620] DEBUG c.a.r.s.m.C.selectConfigByContext - ==>  Preparing: select id, code, `group`, `value`, create_time, update_time, status, ver, is_delete from config WHERE update_time >= ? and is_delete != id
2026-09-25 12:23:18.425 [] [] [] [] [schedule-pool-179030978226620] DEBUG c.a.r.s.m.C.selectConfigByContext - ==> Parameters: 1970-01-01 08:00:00.0(Timestamp)
2026-09-25 12:23:18.426 [] [] [] [] [schedule-pool-179030978226620] DEBUG c.a.r.s.m.C.selectConfigByContext - <==      Total: 0
2026-09-25 12:23:28.437 [] [] [] [] [schedule-pool-179030978226621] DEBUG c.a.r.s.m.C.selectConfigByContext - ==>  Preparing: select id, code, `group`, `value`, create_time, update_time, status, ver, is_delete from config WHERE update_time >= ? and is_delete != id
2026-09-25 12:23:28.437 [] [] [] [] [schedule-pool-179030978226621] DEBUG c.a.r.s.m.C.selectConfigByContext - ==> Parameters: 1970-01-01 08:00:00.0(Timestamp)
2026-09-25 12:23:28.438 [] [] [] [] [schedule-pool-179030978226621] DEBUG c.a.r.s.m.C.selectConfigByContext - <==      Total: 0
2026-09-25 12:23:38.456 [] [] [] [] [schedule-pool-179030978226610] DEBUG c.a.r.s.m.C.selectConfigByContext - ==>  Preparing: select id, code, `group`, `value`, create_time, update_time, status, ver, is_delete from config WHERE update_time >= ? and is_delete != id
2026-09-25 12:23:38.456 [] [] [] [] [schedule-pool-179030978226610] DEBUG c.a.r.s.m.C.selectConfigByContext - ==> Parameters: 1970-01-01 08:00:00.0(Timestamp)
2026-09-25 12:23:38.457 [] [] [] [] [schedule-pool-179030978226610] DEBUG c.a.r.s.m.C.selectConfigByContext - <==      Total: 0
2026-09-25 12:23:48.463 [] [] [] [] [schedule-pool-179030978226622] DEBUG c.a.r.s.m.C.selectConfigByContext - ==>  Preparing: select id, code, `group`, `value`, create_time, update_time, status, ver, is_delete from config WHERE update_time >= ? and is_delete != id
2026-09-25 12:23:48.463 [] [] [] [] [schedule-pool-179030978226622] DEBUG c.a.r.s.m.C.selectConfigByContext - ==> Parameters: 1970-01-01 08:00:00.0(Timestamp)
2026-09-25 12:23:48.465 [] [] [] [] [schedule-pool-179030978226622] DEBUG c.a.r.s.m.C.selectConfigByContext - <==      Total: 0
2026-09-25 12:23:58.474 [] [] [] [] [schedule-pool-179030978226611] DEBUG c.a.r.s.m.C.selectConfigByContext - ==>  Preparing: select id, code, `group`, `value`, create_time, update_time, status, ver, is_delete from config WHERE update_time >= ? and is_delete != id
2026-09-25 12:23:58.475 [] [] [] [] [schedule-pool-179030978226611] DEBUG c.a.r.s.m.C.selectConfigByContext - ==> Parameters: 1970-01-01 08:00:00.0(Timestamp)
2026-09-25 12:23:58.476 [] [] [] [] [schedule-pool-179030978226611] DEBUG c.a.r.s.m.C.selectConfigByContext - <==      Total: 0
2026-09-25 12:24:08.480 [] [] [] [] [schedule-pool-179030978226623] DEBUG c.a.r.s.m.C.selectConfigByContext - ==>  Preparing: select id, code, `group`, `value`, create_time, update_time, status, ver, is_delete from config WHERE update_time >= ? and is_delete != id
2026-09-25 12:24:08.480 [] [] [] [] [schedule-pool-179030978226623] DEBUG c.a.r.s.m.C.selectConfigByContext - ==> Parameters: 1970-01-01 08:00:00.0(Timestamp)
2026-09-25 12:24:08.480 [] [] [] [] [schedule-pool-179030978226623] DEBUG c.a.r.s.m.C.selectConfigByContext - <==      Total: 0
2026-09-25 12:24:18.485 [] [] [] [] [schedule-pool-179030978226623] DEBUG c.a.r.s.m.C.selectConfigByContext - ==>  Preparing: select id, code, `group`, `value`, create_time, update_time, status, ver, is_delete from config WHERE update_time >= ? and is_delete != id
2026-09-25 12:24:18.486 [] [] [] [] [schedule-pool-179030978226623] DEBUG c.a.r.s.m.C.selectConfigByContext - ==> Parameters: 1970-01-01 08:00:00.0(Timestamp)
2026-09-25 12:24:18.487 [] [] [] [] [schedule-pool-179030978226623] DEBUG c.a.r.s.m.C.selectConfigByContext - <==      Total: 0
2026-09-25 12:24:28.494 [] [] [] [] [schedule-pool-179030978226624] DEBUG c.a.r.s.m.C.selectConfigByContext - ==>  Preparing: select id, code, `group`, `value`, create_time, update_time, status, ver, is_delete from config WHERE update_time >= ? and is_delete != id
2026-09-25 12:24:28.496 [] [] [] [] [schedule-pool-179030978226624] DEBUG c.a.r.s.m.C.selectConfigByContext - ==> Parameters: 1970-01-01 08:00:00.0(Timestamp)
2026-09-25 12:24:28.496 [] [] [] [] [schedule-pool-179030978226624] DEBUG c.a.r.s.m.C.selectConfigByContext - <==      Total: 0
2026-09-25 12:24:38.501 [] [] [] [] [schedule-pool-179030978226624] DEBUG c.a.r.s.m.C.selectConfigByContext - ==>  Preparing: select id, code, `group`, `value`, create_time, update_time, status, ver, is_delete from config WHERE update_time >= ? and is_delete != id
2026-09-25 12:24:38.501 [] [] [] [] [schedule-pool-179030978226624] DEBUG c.a.r.s.m.C.selectConfigByContext - ==> Parameters: 1970-01-01 08:00:00.0(Timestamp)
2026-09-25 12:24:38.503 [] [] [] [] [schedule-pool-179030978226624] DEBUG c.a.r.s.m.C.selectConfigByContext - <==      Total: 0
2026-09-25 12:24:48.512 [] [] [] [] [schedule-pool-179030978226624] DEBUG c.a.r.s.m.C.selectConfigByContext - ==>  Preparing: select id, code, `group`, `value`, create_time, update_time, status, ver, is_delete from config WHERE update_time >= ? and is_delete != id
2026-09-25 12:24:48.512 [] [] [] [] [schedule-pool-179030978226624] DEBUG c.a.r.s.m.C.selectConfigByContext - ==> Parameters: 1970-01-01 08:00:00.0(Timestamp)
2026-09-25 12:24:48.514 [] [] [] [] [schedule-pool-179030978226624] DEBUG c.a.r.s.m.C.selectConfigByContext - <==      Total: 0
2026-09-25 12:24:58.516 [] [] [] [] [schedule-pool-179030978226624] DEBUG c.a.r.s.m.C.selectConfigByContext - ==>  Preparing: select id, code, `group`, `value`, create_time, update_time, status, ver, is_delete from config WHERE update_time >= ? and is_delete != id
2026-09-25 12:24:58.516 [] [] [] [] [schedule-pool-179030978226624] DEBUG c.a.r.s.m.C.selectConfigByContext - ==> Parameters: 1970-01-01 08:00:00.0(Timestamp)
2026-09-25 12:24:58.517 [] [] [] [] [schedule-pool-179030978226624] DEBUG c.a.r.s.m.C.selectConfigByContext - <==      Total: 0
2026-09-25 12:25:08.522 [] [] [] [] [schedule-pool-179030978226624] DEBUG c.a.r.s.m.C.selectConfigByContext - ==>  Preparing: select id, code, `group`, `value`, create_time, update_time, status, ver, is_delete from config WHERE update_time >= ? and is_delete != id
2026-09-25 12:25:08.523 [] [] [] [] [schedule-pool-179030978226624] DEBUG c.a.r.s.m.C.selectConfigByContext - ==> Parameters: 1970-01-01 08:00:00.0(Timestamp)
2026-09-25 12:25:08.525 [] [] [] [] [schedule-pool-179030978226624] DEBUG c.a.r.s.m.C.selectConfigByContext - <==      Total: 0
2026-09-25 12:25:19.453 [] [] [] [] [schedule-pool-17903103136490] DEBUG c.a.r.s.m.C.selectConfigByContext - ==>  Preparing: select id, code, `group`, `value`, create_time, update_time, status, ver, is_delete from config WHERE update_time >= ? and is_delete != id
2026-09-25 12:25:19.470 [] [] [] [] [schedule-pool-17903103136490] DEBUG c.a.r.s.m.C.selectConfigByContext - ==> Parameters: 1970-01-01 08:00:00.0(Timestamp)
2026-09-25 12:25:19.491 [] [] [] [] [schedule-pool-17903103136490] DEBUG c.a.r.s.m.C.selectConfigByContext - <==      Total: 0
2026-09-25 12:25:29.511 [] [] [] [] [schedule-pool-17903103136491] DEBUG c.a.r.s.m.C.selectConfigByContext - ==>  Preparing: select id, code, `group`, `value`, create_time, update_time, status, ver, is_delete from config WHERE update_time >= ? and is_delete != id
2026-09-25 12:25:29.511 [] [] [] [] [schedule-pool-17903103136491] DEBUG c.a.r.s.m.C.selectConfigByContext - ==> Parameters: 1970-01-01 08:00:00.0(Timestamp)
2026-09-25 12:25:29.512 [] [] [] [] [schedule-pool-17903103136491] DEBUG c.a.r.s.m.C.selectConfigByContext - <==      Total: 0
2026-09-25 12:25:39.522 [] [] [] [] [schedule-pool-17903103136490] DEBUG c.a.r.s.m.C.selectConfigByContext - ==>  Preparing: select id, code, `group`, `value`, create_time, update_time, status, ver, is_delete from config WHERE update_time >= ? and is_delete != id
2026-09-25 12:25:39.523 [] [] [] [] [schedule-pool-17903103136490] DEBUG c.a.r.s.m.C.selectConfigByContext - ==> Parameters: 1970-01-01 08:00:00.0(Timestamp)
2026-09-25 12:25:39.524 [] [] [] [] [schedule-pool-17903103136490] DEBUG c.a.r.s.m.C.selectConfigByContext - <==      Total: 0
2026-09-25 12:25:49.535 [] [] [] [] [schedule-pool-17903103136491] DEBUG c.a.r.s.m.C.selectConfigByContext - ==>  Preparing: select id, code, `group`, `value`, create_time, update_time, status, ver, is_delete from config WHERE update_time >= ? and is_delete != id
2026-09-25 12:25:49.536 [] [] [] [] [schedule-pool-17903103136491] DEBUG c.a.r.s.m.C.selectConfigByContext - ==> Parameters: 1970-01-01 08:00:00.0(Timestamp)
2026-09-25 12:25:49.538 [] [] [] [] [schedule-pool-17903103136491] DEBUG c.a.r.s.m.C.selectConfigByContext - <==      Total: 0
2026-09-25 12:25:59.553 [] [] [] [] [schedule-pool-17903103136492] DEBUG c.a.r.s.m.C.selectConfigByContext - ==>  Preparing: select id, code, `group`, `value`, create_time, update_time, status, ver, is_delete from config WHERE update_time >= ? and is_delete != id
2026-09-25 12:25:59.553 [] [] [] [] [schedule-pool-17903103136492] DEBUG c.a.r.s.m.C.selectConfigByContext - ==> Parameters: 1970-01-01 08:00:00.0(Timestamp)
2026-09-25 12:25:59.554 [] [] [] [] [schedule-pool-17903103136492] DEBUG c.a.r.s.m.C.selectConfigByContext - <==      Total: 0
2026-09-25 12:26:09.563 [] [] [] [] [schedule-pool-17903103136490] DEBUG c.a.r.s.m.C.selectConfigByContext - ==>  Preparing: select id, code, `group`, `value`, create_time, update_time, status, ver, is_delete from config WHERE update_time >= ? and is_delete != id
2026-09-25 12:26:09.563 [] [] [] [] [schedule-pool-17903103136490] DEBUG c.a.r.s.m.C.selectConfigByContext - ==> Parameters: 1970-01-01 08:00:00.0(Timestamp)
2026-09-25 12:26:09.564 [] [] [] [] [schedule-pool-17903103136490] DEBUG c.a.r.s.m.C.selectConfigByContext - <==      Total: 0
2026-09-25 12:26:19.582 [] [] [] [] [schedule-pool-17903103136493] DEBUG c.a.r.s.m.C.selectConfigByContext - ==>  Preparing: select id, code, `group`, `value`, create_time, update_time, status, ver, is_delete from config WHERE update_time >= ? and is_delete != id
2026-09-25 12:26:19.582 [] [] [] [] [schedule-pool-17903103136493] DEBUG c.a.r.s.m.C.selectConfigByContext - ==> Parameters: 1970-01-01 08:00:00.0(Timestamp)
2026-09-25 12:26:19.583 [] [] [] [] [schedule-pool-17903103136493] DEBUG c.a.r.s.m.C.selectConfigByContext - <==      Total: 0
2026-09-25 12:26:29.600 [] [] [] [] [schedule-pool-17903103136491] DEBUG c.a.r.s.m.C.selectConfigByContext - ==>  Preparing: select id, code, `group`, `value`, create_time, update_time, status, ver, is_delete from config WHERE update_time >= ? and is_delete != id
2026-09-25 12:26:29.600 [] [] [] [] [schedule-pool-17903103136491] DEBUG c.a.r.s.m.C.selectConfigByContext - ==> Parameters: 1970-01-01 08:00:00.0(Timestamp)
2026-09-25 12:26:29.603 [] [] [] [] [schedule-pool-17903103136491] DEBUG c.a.r.s.m.C.selectConfigByContext - <==      Total: 0
2026-09-25 12:26:39.615 [] [] [] [] [schedule-pool-17903103136494] DEBUG c.a.r.s.m.C.selectConfigByContext - ==>  Preparing: select id, code, `group`, `value`, create_time, update_time, status, ver, is_delete from config WHERE update_time >= ? and is_delete != id
2026-09-25 12:26:39.616 [] [] [] [] [schedule-pool-17903103136494] DEBUG c.a.r.s.m.C.selectConfigByContext - ==> Parameters: 1970-01-01 08:00:00.0(Timestamp)
2026-09-25 12:26:39.617 [] [] [] [] [schedule-pool-17903103136494] DEBUG c.a.r.s.m.C.selectConfigByContext - <==      Total: 0
2026-09-25 12:26:49.625 [] [] [] [] [schedule-pool-17903103136494] DEBUG c.a.r.s.m.C.selectConfigByContext - ==>  Preparing: select id, code, `group`, `value`, create_time, update_time, status, ver, is_delete from config WHERE update_time >= ? and is_delete != id
2026-09-25 12:26:49.625 [] [] [] [] [schedule-pool-17903103136494] DEBUG c.a.r.s.m.C.selectConfigByContext - ==> Parameters: 1970-01-01 08:00:00.0(Timestamp)
2026-09-25 12:26:49.627 [] [] [] [] [schedule-pool-17903103136494] DEBUG c.a.r.s.m.C.selectConfigByContext - <==      Total: 0
2026-09-25 12:27:15.713 [] [] [] [] [schedule-pool-17903103136495] DEBUG c.a.r.s.m.C.selectConfigByContext - ==>  Preparing: select id, code, `group`, `value`, create_time, update_time, status, ver, is_delete from config WHERE update_time >= ? and is_delete != id
2026-09-25 12:27:15.713 [] [] [] [] [schedule-pool-17903103136495] DEBUG c.a.r.s.m.C.selectConfigByContext - ==> Parameters: 1970-01-01 08:00:00.0(Timestamp)
2026-09-25 12:27:15.715 [] [] [] [] [schedule-pool-17903103136495] DEBUG c.a.r.s.m.C.selectConfigByContext - <==      Total: 0
2026-09-25 12:27:25.725 [] [] [] [] [schedule-pool-17903103136490] DEBUG c.a.r.s.m.C.selectConfigByContext - ==>  Preparing: select id, code, `group`, `value`, create_time, update_time, status, ver, is_delete from config WHERE update_time >= ? and is_delete != id
2026-09-25 12:27:25.725 [] [] [] [] [schedule-pool-17903103136490] DEBUG c.a.r.s.m.C.selectConfigByContext - ==> Parameters: 1970-01-01 08:00:00.0(Timestamp)
2026-09-25 12:27:25.726 [] [] [] [] [schedule-pool-17903103136490] DEBUG c.a.r.s.m.C.selectConfigByContext - <==      Total: 0
2026-09-25 12:27:35.729 [] [] [] [] [schedule-pool-17903103136496] DEBUG c.a.r.s.m.C.selectConfigByContext - ==>  Preparing: select id, code, `group`, `value`, create_time, update_time, status, ver, is_delete from config WHERE update_time >= ? and is_delete != id
2026-09-25 12:27:35.729 [] [] [] [] [schedule-pool-17903103136496] DEBUG c.a.r.s.m.C.selectConfigByContext - ==> Parameters: 1970-01-01 08:00:00.0(Timestamp)
2026-09-25 12:27:35.730 [] [] [] [] [schedule-pool-17903103136496] DEBUG c.a.r.s.m.C.selectConfigByContext - <==      Total: 0
2026-09-25 12:27:56.835 [] [] [] [] [schedule-pool-17903103136493] DEBUG c.a.r.s.m.C.selectConfigByContext - ==>  Preparing: select id, code, `group`, `value`, create_time, update_time, status, ver, is_delete from config WHERE update_time >= ? and is_delete != id
2026-09-25 12:27:56.835 [] [] [] [] [schedule-pool-17903103136493] DEBUG c.a.r.s.m.C.selectConfigByContext - ==> Parameters: 1970-01-01 08:00:00.0(Timestamp)
2026-09-25 12:27:56.837 [] [] [] [] [schedule-pool-17903103136493] DEBUG c.a.r.s.m.C.selectConfigByContext - <==      Total: 0
2026-09-25 12:28:06.842 [] [] [] [] [schedule-pool-17903103136493] DEBUG c.a.r.s.m.C.selectConfigByContext - ==>  Preparing: select id, code, `group`, `value`, create_time, update_time, status, ver, is_delete from config WHERE update_time >= ? and is_delete != id
2026-09-25 12:28:06.843 [] [] [] [] [schedule-pool-17903103136493] DEBUG c.a.r.s.m.C.selectConfigByContext - ==> Parameters: 1970-01-01 08:00:00.0(Timestamp)
2026-09-25 12:28:06.844 [] [] [] [] [schedule-pool-17903103136493] DEBUG c.a.r.s.m.C.selectConfigByContext - <==      Total: 0
2026-09-25 12:28:20.313 [] [] [] [] [schedule-pool-17903104946690] DEBUG c.a.r.s.m.C.selectConfigByContext - ==>  Preparing: select id, code, `group`, `value`, create_time, update_time, status, ver, is_delete from config WHERE update_time >= ? and is_delete != id
2026-09-25 12:28:20.323 [] [] [] [] [schedule-pool-17903104946690] DEBUG c.a.r.s.m.C.selectConfigByContext - ==> Parameters: 1970-01-01 08:00:00.0(Timestamp)
2026-09-25 12:28:20.336 [] [] [] [] [schedule-pool-17903104946690] DEBUG c.a.r.s.m.C.selectConfigByContext - <==      Total: 0
2026-09-25 12:28:20.582 [] [] [] [] [http-nio-11000-exec-1] DEBUG c.a.r.s.m.U.getUserByOpenidAndCh - ==>  Preparing: select id, uid, username, password, avatar, nickname, email, openid, ch, create_time, update_time, status, ver, is_delete from user where openid = ? and ch = ?
2026-09-25 12:28:20.582 [] [] [] [] [http-nio-11000-exec-1] DEBUG c.a.r.s.m.U.getUserByOpenidAndCh - ==> Parameters: oSkeB5EEri10mSWBN1vdfh2-Cnjo(String), wx(String)
2026-09-25 12:28:20.584 [] [] [] [] [http-nio-11000-exec-1] DEBUG c.a.r.s.m.U.getUserByOpenidAndCh - <==      Total: 0
2026-09-25 12:28:30.345 [] [] [] [] [schedule-pool-17903104946691] DEBUG c.a.r.s.m.C.selectConfigByContext - ==>  Preparing: select id, code, `group`, `value`, create_time, update_time, status, ver, is_delete from config WHERE update_time >= ? and is_delete != id
2026-09-25 12:28:30.345 [] [] [] [] [schedule-pool-17903104946691] DEBUG c.a.r.s.m.C.selectConfigByContext - ==> Parameters: 1970-01-01 08:00:00.0(Timestamp)
2026-09-25 12:28:30.346 [] [] [] [] [schedule-pool-17903104946691] DEBUG c.a.r.s.m.C.selectConfigByContext - <==      Total: 0
2026-09-25 12:28:37.525 [] [] [] [] [http-nio-11000-exec-3] DEBUG c.a.r.s.m.U.getUserByOpenidAndCh - ==>  Preparing: select id, uid, username, password, avatar, nickname, email, openid, ch, create_time, update_time, status, ver, is_delete from user where openid = ? and ch = ?
2026-09-25 12:28:37.525 [] [] [] [] [http-nio-11000-exec-3] DEBUG c.a.r.s.m.U.getUserByOpenidAndCh - ==> Parameters: oSkeB5EEri10mSWBN1vdfh2-Cnjo(String), wx(String)
2026-09-25 12:28:37.527 [] [] [] [] [http-nio-11000-exec-3] DEBUG c.a.r.s.m.U.getUserByOpenidAndCh - <==      Total: 0
2026-09-25 12:29:08.808 [] [] [] [] [schedule-pool-17903104946690] DEBUG c.a.r.s.m.C.selectConfigByContext - ==>  Preparing: select id, code, `group`, `value`, create_time, update_time, status, ver, is_delete from config WHERE update_time >= ? and is_delete != id
2026-09-25 12:29:08.809 [] [] [] [] [schedule-pool-17903104946690] DEBUG c.a.r.s.m.C.selectConfigByContext - ==> Parameters: 1970-01-01 08:00:00.0(Timestamp)
2026-09-25 12:29:08.810 [] [] [] [] [schedule-pool-17903104946690] DEBUG c.a.r.s.m.C.selectConfigByContext - <==      Total: 0
2026-09-25 12:29:18.818 [] [] [] [] [schedule-pool-17903104946691] DEBUG c.a.r.s.m.C.selectConfigByContext - ==>  Preparing: select id, code, `group`, `value`, create_time, update_time, status, ver, is_delete from config WHERE update_time >= ? and is_delete != id
2026-09-25 12:29:18.819 [] [] [] [] [schedule-pool-17903104946691] DEBUG c.a.r.s.m.C.selectConfigByContext - ==> Parameters: 1970-01-01 08:00:00.0(Timestamp)
2026-09-25 12:29:18.820 [] [] [] [] [schedule-pool-17903104946691] DEBUG c.a.r.s.m.C.selectConfigByContext - <==      Total: 0
2026-09-25 12:29:28.826 [] [] [] [] [schedule-pool-17903104946692] DEBUG c.a.r.s.m.C.selectConfigByContext - ==>  Preparing: select id, code, `group`, `value`, create_time, update_time, status, ver, is_delete from config WHERE update_time >= ? and is_delete != id
2026-09-25 12:29:28.827 [] [] [] [] [schedule-pool-17903104946692] DEBUG c.a.r.s.m.C.selectConfigByContext - ==> Parameters: 1970-01-01 08:00:00.0(Timestamp)
2026-09-25 12:29:28.828 [] [] [] [] [schedule-pool-17903104946692] DEBUG c.a.r.s.m.C.selectConfigByContext - <==      Total: 0
2026-09-25 12:29:38.831 [] [] [] [] [schedule-pool-17903104946690] DEBUG c.a.r.s.m.C.selectConfigByContext - ==>  Preparing: select id, code, `group`, `value`, create_time, update_time, status, ver, is_delete from config WHERE update_time >= ? and is_delete != id
2026-09-25 12:29:38.832 [] [] [] [] [schedule-pool-17903104946690] DEBUG c.a.r.s.m.C.selectConfigByContext - ==> Parameters: 1970-01-01 08:00:00.0(Timestamp)
2026-09-25 12:29:38.833 [] [] [] [] [schedule-pool-17903104946690] DEBUG c.a.r.s.m.C.selectConfigByContext - <==      Total: 0
2026-09-25 12:29:48.844 [] [] [] [] [schedule-pool-17903104946690] DEBUG c.a.r.s.m.C.selectConfigByContext - ==>  Preparing: select id, code, `group`, `value`, create_time, update_time, status, ver, is_delete from config WHERE update_time >= ? and is_delete != id
2026-09-25 12:29:48.844 [] [] [] [] [schedule-pool-17903104946690] DEBUG c.a.r.s.m.C.selectConfigByContext - ==> Parameters: 1970-01-01 08:00:00.0(Timestamp)
2026-09-25 12:29:48.846 [] [] [] [] [schedule-pool-17903104946690] DEBUG c.a.r.s.m.C.selectConfigByContext - <==      Total: 0
2026-09-25 12:29:58.850 [] [] [] [] [schedule-pool-17903104946691] DEBUG c.a.r.s.m.C.selectConfigByContext - ==>  Preparing: select id, code, `group`, `value`, create_time, update_time, status, ver, is_delete from config WHERE update_time >= ? and is_delete != id
2026-09-25 12:29:58.850 [] [] [] [] [schedule-pool-17903104946691] DEBUG c.a.r.s.m.C.selectConfigByContext - ==> Parameters: 1970-01-01 08:00:00.0(Timestamp)
2026-09-25 12:29:58.851 [] [] [] [] [schedule-pool-17903104946691] DEBUG c.a.r.s.m.C.selectConfigByContext - <==      Total: 0
2026-09-25 12:30:08.856 [] [] [] [] [schedule-pool-17903104946691] DEBUG c.a.r.s.m.C.selectConfigByContext - ==>  Preparing: select id, code, `group`, `value`, create_time, update_time, status, ver, is_delete from config WHERE update_time >= ? and is_delete != id
2026-09-25 12:30:08.856 [] [] [] [] [schedule-pool-17903104946691] DEBUG c.a.r.s.m.C.selectConfigByContext - ==> Parameters: 1970-01-01 08:00:00.0(Timestamp)
2026-09-25 12:30:08.858 [] [] [] [] [schedule-pool-17903104946691] DEBUG c.a.r.s.m.C.selectConfigByContext - <==      Total: 0
2026-09-25 12:30:18.871 [] [] [] [] [schedule-pool-17903104946692] DEBUG c.a.r.s.m.C.selectConfigByContext - ==>  Preparing: select id, code, `group`, `value`, create_time, update_time, status, ver, is_delete from config WHERE update_time >= ? and is_delete != id
2026-09-25 12:30:18.871 [] [] [] [] [schedule-pool-17903104946692] DEBUG c.a.r.s.m.C.selectConfigByContext - ==> Parameters: 1970-01-01 08:00:00.0(Timestamp)
2026-09-25 12:30:18.872 [] [] [] [] [schedule-pool-17903104946692] DEBUG c.a.r.s.m.C.selectConfigByContext - <==      Total: 0
2026-09-25 12:30:39.218 [] [] [] [] [schedule-pool-17903106334860] DEBUG c.a.r.s.m.C.selectConfigByContext - ==>  Preparing: select id, code, `group`, `value`, create_time, update_time, status, ver, is_delete from config WHERE update_time >= ? and is_delete != id
2026-09-25 12:30:39.230 [] [] [] [] [schedule-pool-17903106334860] DEBUG c.a.r.s.m.C.selectConfigByContext - ==> Parameters: 1970-01-01 08:00:00.0(Timestamp)
2026-09-25 12:30:39.243 [] [] [] [] [schedule-pool-17903106334860] DEBUG c.a.r.s.m.C.selectConfigByContext - <==      Total: 0
2026-09-25 12:30:41.990 [] [] [] [] [http-nio-11000-exec-4] DEBUG c.a.r.s.m.U.getUserByOpenidAndCh - ==>  Preparing: select id, uid, username, password, avatar, nickname, email, openid, ch, create_time, update_time, status, ver, is_delete from user where openid = ? and ch = ?
2026-09-25 12:30:41.990 [] [] [] [] [http-nio-11000-exec-4] DEBUG c.a.r.s.m.U.getUserByOpenidAndCh - ==> Parameters: oSkeB5EEri10mSWBN1vdfh2-Cnjo(String), wx(String)
2026-09-25 12:30:41.992 [] [] [] [] [http-nio-11000-exec-4] DEBUG c.a.r.s.m.U.getUserByOpenidAndCh - <==      Total: 0
2026-09-25 12:30:43.103 [] [] [] [] [http-nio-11000-exec-4] DEBUG c.a.r.s.mapper.UserMapper.insertUser - ==>  Preparing: insert into user (uid, nickname, username, password, avatar, email, create_time, update_time, status, ver, is_delete) values (?, ?, ?, ?, ?, ?, ?, ?, ?, ?, ?)
2026-09-25 12:30:43.104 [] [] [] [] [http-nio-11000-exec-4] DEBUG c.a.r.s.mapper.UserMapper.insertUser - ==> Parameters: 2vnkcTJBvrO(String), 微信用户(String), oSkeB5EEri10mSWBN1vdfh2-Cnjo(String), (String), (String), null, 2026-09-25 12:30:43.1(Timestamp), 2026-09-25 12:30:43.1(Timestamp), 1(Integer), 1(Integer), 1790310643100(Long)
2026-09-25 12:30:49.261 [] [] [] [] [schedule-pool-17903106334861] DEBUG c.a.r.s.m.C.selectConfigByContext - ==>  Preparing: select id, code, `group`, `value`, create_time, update_time, status, ver, is_delete from config WHERE update_time >= ? and is_delete != id
2026-09-25 12:30:49.262 [] [] [] [] [schedule-pool-17903106334861] DEBUG c.a.r.s.m.C.selectConfigByContext - ==> Parameters: 1970-01-01 08:00:00.0(Timestamp)
2026-09-25 12:30:49.263 [] [] [] [] [schedule-pool-17903106334861] DEBUG c.a.r.s.m.C.selectConfigByContext - <==      Total: 0
2026-09-25 12:30:59.278 [] [] [] [] [schedule-pool-17903106334860] DEBUG c.a.r.s.m.C.selectConfigByContext - ==>  Preparing: select id, code, `group`, `value`, create_time, update_time, status, ver, is_delete from config WHERE update_time >= ? and is_delete != id
2026-09-25 12:30:59.278 [] [] [] [] [schedule-pool-17903106334860] DEBUG c.a.r.s.m.C.selectConfigByContext - ==> Parameters: 1970-01-01 08:00:00.0(Timestamp)
2026-09-25 12:30:59.279 [] [] [] [] [schedule-pool-17903106334860] DEBUG c.a.r.s.m.C.selectConfigByContext - <==      Total: 0
2026-09-25 12:31:09.285 [] [] [] [] [schedule-pool-17903106334861] DEBUG c.a.r.s.m.C.selectConfigByContext - ==>  Preparing: select id, code, `group`, `value`, create_time, update_time, status, ver, is_delete from config WHERE update_time >= ? and is_delete != id
2026-09-25 12:31:09.285 [] [] [] [] [schedule-pool-17903106334861] DEBUG c.a.r.s.m.C.selectConfigByContext - ==> Parameters: 1970-01-01 08:00:00.0(Timestamp)
2026-09-25 12:31:09.287 [] [] [] [] [schedule-pool-17903106334861] DEBUG c.a.r.s.m.C.selectConfigByContext - <==      Total: 0
2026-09-25 12:31:19.302 [] [] [] [] [schedule-pool-17903106334862] DEBUG c.a.r.s.m.C.selectConfigByContext - ==>  Preparing: select id, code, `group`, `value`, create_time, update_time, status, ver, is_delete from config WHERE update_time >= ? and is_delete != id
2026-09-25 12:31:19.302 [] [] [] [] [schedule-pool-17903106334862] DEBUG c.a.r.s.m.C.selectConfigByContext - ==> Parameters: 1970-01-01 08:00:00.0(Timestamp)
2026-09-25 12:31:19.303 [] [] [] [] [schedule-pool-17903106334862] DEBUG c.a.r.s.m.C.selectConfigByContext - <==      Total: 0
2026-09-25 12:31:29.317 [] [] [] [] [schedule-pool-17903106334860] DEBUG c.a.r.s.m.C.selectConfigByContext - ==>  Preparing: select id, code, `group`, `value`, create_time, update_time, status, ver, is_delete from config WHERE update_time >= ? and is_delete != id
2026-09-25 12:31:29.317 [] [] [] [] [schedule-pool-17903106334860] DEBUG c.a.r.s.m.C.selectConfigByContext - ==> Parameters: 1970-01-01 08:00:00.0(Timestamp)
2026-09-25 12:31:29.319 [] [] [] [] [schedule-pool-17903106334860] DEBUG c.a.r.s.m.C.selectConfigByContext - <==      Total: 0
2026-09-25 12:31:39.330 [] [] [] [] [schedule-pool-17903106334863] DEBUG c.a.r.s.m.C.selectConfigByContext - ==>  Preparing: select id, code, `group`, `value`, create_time, update_time, status, ver, is_delete from config WHERE update_time >= ? and is_delete != id
2026-09-25 12:31:39.331 [] [] [] [] [schedule-pool-17903106334863] DEBUG c.a.r.s.m.C.selectConfigByContext - ==> Parameters: 1970-01-01 08:00:00.0(Timestamp)
2026-09-25 12:31:39.332 [] [] [] [] [schedule-pool-17903106334863] DEBUG c.a.r.s.m.C.selectConfigByContext - <==      Total: 0
2026-09-25 12:31:49.349 [] [] [] [] [schedule-pool-17903106334861] DEBUG c.a.r.s.m.C.selectConfigByContext - ==>  Preparing: select id, code, `group`, `value`, create_time, update_time, status, ver, is_delete from config WHERE update_time >= ? and is_delete != id
2026-09-25 12:31:49.349 [] [] [] [] [schedule-pool-17903106334861] DEBUG c.a.r.s.m.C.selectConfigByContext - ==> Parameters: 1970-01-01 08:00:00.0(Timestamp)
2026-09-25 12:31:49.353 [] [] [] [] [schedule-pool-17903106334861] DEBUG c.a.r.s.m.C.selectConfigByContext - <==      Total: 0
2026-09-25 12:31:59.363 [] [] [] [] [schedule-pool-17903106334864] DEBUG c.a.r.s.m.C.selectConfigByContext - ==>  Preparing: select id, code, `group`, `value`, create_time, update_time, status, ver, is_delete from config WHERE update_time >= ? and is_delete != id
2026-09-25 12:31:59.364 [] [] [] [] [schedule-pool-17903106334864] DEBUG c.a.r.s.m.C.selectConfigByContext - ==> Parameters: 1970-01-01 08:00:00.0(Timestamp)
2026-09-25 12:31:59.365 [] [] [] [] [schedule-pool-17903106334864] DEBUG c.a.r.s.m.C.selectConfigByContext - <==      Total: 0
2026-09-25 12:32:07.619 [] [] [] [] [http-nio-11000-exec-3] DEBUG c.a.r.s.m.U.getUserByOpenidAndCh - ==>  Preparing: select id, uid, username, password, avatar, nickname, email, openid, ch, create_time, update_time, status, ver, is_delete from user where openid = ? and ch = ?
2026-09-25 12:32:07.620 [] [] [] [] [http-nio-11000-exec-3] DEBUG c.a.r.s.m.U.getUserByOpenidAndCh - ==> Parameters: oSkeB5EEri10mSWBN1vdfh2-Cnjo(String), wx(String)
2026-09-25 12:32:07.621 [] [] [] [] [http-nio-11000-exec-3] DEBUG c.a.r.s.m.U.getUserByOpenidAndCh - <==      Total: 0
2026-09-25 12:32:07.622 [] [] [] [] [http-nio-11000-exec-3] DEBUG c.a.r.s.mapper.UserMapper.insertUser - ==>  Preparing: insert into user (uid, nickname, username, password, avatar, email, create_time, update_time, status, ver, is_delete) values (?, ?, ?, ?, ?, ?, ?, ?, ?, ?, ?)
2026-09-25 12:32:07.622 [] [] [] [] [http-nio-11000-exec-3] DEBUG c.a.r.s.mapper.UserMapper.insertUser - ==> Parameters: 2vnkj8H7MkM(String), 微信用户(String), oSkeB5EEri10mSWBN1vdfh2-Cnjo(String), (String), (String), null, 2026-09-25 12:32:07.622(Timestamp), 2026-09-25 12:32:07.622(Timestamp), 1(Integer), 1(Integer), 1790310727622(Long)
2026-09-25 12:32:09.370 [] [] [] [] [schedule-pool-17903106334862] DEBUG c.a.r.s.m.C.selectConfigByContext - ==>  Preparing: select id, code, `group`, `value`, create_time, update_time, status, ver, is_delete from config WHERE update_time >= ? and is_delete != id
2026-09-25 12:32:09.370 [] [] [] [] [schedule-pool-17903106334862] DEBUG c.a.r.s.m.C.selectConfigByContext - ==> Parameters: 1970-01-01 08:00:00.0(Timestamp)
2026-09-25 12:32:09.374 [] [] [] [] [schedule-pool-17903106334862] DEBUG c.a.r.s.m.C.selectConfigByContext - <==      Total: 0
2026-09-25 12:32:19.388 [] [] [] [] [schedule-pool-17903106334865] DEBUG c.a.r.s.m.C.selectConfigByContext - ==>  Preparing: select id, code, `group`, `value`, create_time, update_time, status, ver, is_delete from config WHERE update_time >= ? and is_delete != id
2026-09-25 12:32:19.389 [] [] [] [] [schedule-pool-17903106334865] DEBUG c.a.r.s.m.C.selectConfigByContext - ==> Parameters: 1970-01-01 08:00:00.0(Timestamp)
2026-09-25 12:32:19.393 [] [] [] [] [schedule-pool-17903106334865] DEBUG c.a.r.s.m.C.selectConfigByContext - <==      Total: 0
2026-09-25 12:32:29.203 [] [] [] [] [http-nio-11000-exec-2] DEBUG c.a.r.s.m.U.getUserByOpenidAndCh - ==>  Preparing: select id, uid, username, password, avatar, nickname, email, openid, ch, create_time, update_time, status, ver, is_delete from user where openid = ? and ch = ?
2026-09-25 12:32:29.204 [] [] [] [] [http-nio-11000-exec-2] DEBUG c.a.r.s.m.U.getUserByOpenidAndCh - ==> Parameters: oSkeB5EEri10mSWBN1vdfh2-Cnjo(String), wx(String)
2026-09-25 12:32:29.205 [] [] [] [] [http-nio-11000-exec-2] DEBUG c.a.r.s.m.U.getUserByOpenidAndCh - <==      Total: 0
2026-09-25 12:32:29.206 [] [] [] [] [http-nio-11000-exec-2] DEBUG c.a.r.s.mapper.UserMapper.insertUser - ==>  Preparing: insert into user (uid, nickname, username, password, avatar, email, create_time, update_time, status, ver, is_delete) values (?, ?, ?, ?, ?, ?, ?, ?, ?, ?, ?)
2026-09-25 12:32:29.207 [] [] [] [] [http-nio-11000-exec-2] DEBUG c.a.r.s.mapper.UserMapper.insertUser - ==> Parameters: 2vnkkJw5qXm(String), 微信用户(String), oSkeB5EEri10mSWBN1vdfh2-Cnjo(String), (String), (String), null, 2026-09-25 12:32:29.206(Timestamp), 2026-09-25 12:32:29.206(Timestamp), 1(Integer), 1(Integer), 1790310749206(Long)
2026-09-25 12:32:29.395 [] [] [] [] [schedule-pool-17903106334860] DEBUG c.a.r.s.m.C.selectConfigByContext - ==>  Preparing: select id, code, `group`, `value`, create_time, update_time, status, ver, is_delete from config WHERE update_time >= ? and is_delete != id
2026-09-25 12:32:29.396 [] [] [] [] [schedule-pool-17903106334860] DEBUG c.a.r.s.m.C.selectConfigByContext - ==> Parameters: 1970-01-01 08:00:00.0(Timestamp)
2026-09-25 12:32:29.397 [] [] [] [] [schedule-pool-17903106334860] DEBUG c.a.r.s.m.C.selectConfigByContext - <==      Total: 0
2026-09-25 12:32:38.120 [] [] [] [] [http-nio-11000-exec-5] DEBUG c.a.r.s.m.U.getUserByOpenidAndCh - ==>  Preparing: select id, uid, username, password, avatar, nickname, email, openid, ch, create_time, update_time, status, ver, is_delete from user where openid = ? and ch = ?
2026-09-25 12:32:38.120 [] [] [] [] [http-nio-11000-exec-5] DEBUG c.a.r.s.m.U.getUserByOpenidAndCh - ==> Parameters: oSkeB5EEri10mSWBN1vdfh2-Cnjo(String), wx(String)
2026-09-25 12:32:38.121 [] [] [] [] [http-nio-11000-exec-5] DEBUG c.a.r.s.m.U.getUserByOpenidAndCh - <==      Total: 0
2026-09-25 12:32:46.646 [] [] [] [] [http-nio-11000-exec-5] DEBUG c.a.r.s.mapper.UserMapper.insertUser - ==>  Preparing: insert into user (uid, nickname, username, password, avatar, email, create_time, update_time, status, ver, is_delete) values (?, ?, ?, ?, ?, ?, ?, ?, ?, ?, ?)
2026-09-25 12:32:46.646 [] [] [] [] [schedule-pool-17903106334866] DEBUG c.a.r.s.m.C.selectConfigByContext - ==>  Preparing: select id, code, `group`, `value`, create_time, update_time, status, ver, is_delete from config WHERE update_time >= ? and is_delete != id
2026-09-25 12:32:46.646 [] [] [] [] [schedule-pool-17903106334866] DEBUG c.a.r.s.m.C.selectConfigByContext - ==> Parameters: 1970-01-01 08:00:00.0(Timestamp)
2026-09-25 12:32:46.647 [] [] [] [] [http-nio-11000-exec-5] DEBUG c.a.r.s.mapper.UserMapper.insertUser - ==> Parameters: 2vnklokUYGA(String), 微信用户(String), oSkeB5EEri10mSWBN1vdfh2-Cnjo(String), (String), (String), null, 2026-09-25 12:32:46.644(Timestamp), 2026-09-25 12:32:46.644(Timestamp), 1(Integer), 1(Integer), 1790310766644(Long)
2026-09-25 12:32:46.648 [] [] [] [] [schedule-pool-17903106334866] DEBUG c.a.r.s.m.C.selectConfigByContext - <==      Total: 0
2026-09-25 12:32:56.657 [] [] [] [] [schedule-pool-17903106334863] DEBUG c.a.r.s.m.C.selectConfigByContext - ==>  Preparing: select id, code, `group`, `value`, create_time, update_time, status, ver, is_delete from config WHERE update_time >= ? and is_delete != id
2026-09-25 12:32:56.657 [] [] [] [] [schedule-pool-17903106334863] DEBUG c.a.r.s.m.C.selectConfigByContext - ==> Parameters: 1970-01-01 08:00:00.0(Timestamp)
2026-09-25 12:32:56.658 [] [] [] [] [schedule-pool-17903106334863] DEBUG c.a.r.s.m.C.selectConfigByContext - <==      Total: 0
2026-09-25 12:33:06.671 [] [] [] [] [schedule-pool-17903106334867] DEBUG c.a.r.s.m.C.selectConfigByContext - ==>  Preparing: select id, code, `group`, `value`, create_time, update_time, status, ver, is_delete from config WHERE update_time >= ? and is_delete != id
2026-09-25 12:33:06.671 [] [] [] [] [schedule-pool-17903106334867] DEBUG c.a.r.s.m.C.selectConfigByContext - ==> Parameters: 1970-01-01 08:00:00.0(Timestamp)
2026-09-25 12:33:06.672 [] [] [] [] [schedule-pool-17903106334867] DEBUG c.a.r.s.m.C.selectConfigByContext - <==      Total: 0
2026-09-25 12:33:25.097 [] [] [] [] [schedule-pool-17903107993370] DEBUG c.a.r.s.m.C.selectConfigByContext - ==>  Preparing: select id, code, `group`, `value`, create_time, update_time, status, ver, is_delete from config WHERE update_time >= ? and is_delete != id
2026-09-25 12:33:25.111 [] [] [] [] [schedule-pool-17903107993370] DEBUG c.a.r.s.m.C.selectConfigByContext - ==> Parameters: 1970-01-01 08:00:00.0(Timestamp)
2026-09-25 12:33:25.127 [] [] [] [] [schedule-pool-17903107993370] DEBUG c.a.r.s.m.C.selectConfigByContext - <==      Total: 0
2026-09-25 12:33:26.837 [] [] [] [] [http-nio-11000-exec-2] DEBUG c.a.r.s.m.U.getUserByOpenidAndCh - ==>  Preparing: select id, uid, username, password, avatar, nickname, email, openid, ch, create_time, update_time, status, ver, is_delete from user where openid = ? and ch = ?
2026-09-25 12:33:26.837 [] [] [] [] [http-nio-11000-exec-2] DEBUG c.a.r.s.m.U.getUserByOpenidAndCh - ==> Parameters: oSkeB5EEri10mSWBN1vdfh2-Cnjo(String), wx(String)
2026-09-25 12:33:26.839 [] [] [] [] [http-nio-11000-exec-2] DEBUG c.a.r.s.m.U.getUserByOpenidAndCh - <==      Total: 0
2026-09-25 12:34:54.528 [] [] [] [] [schedule-pool-17903107993371] DEBUG c.a.r.s.m.C.selectConfigByContext - ==>  Preparing: select id, code, `group`, `value`, create_time, update_time, status, ver, is_delete from config WHERE update_time >= ? and is_delete != id
2026-09-25 12:34:54.528 [] [] [] [] [schedule-pool-17903107993371] DEBUG c.a.r.s.m.C.selectConfigByContext - ==> Parameters: 1970-01-01 08:00:00.0(Timestamp)
2026-09-25 12:34:54.530 [] [] [] [] [schedule-pool-17903107993371] DEBUG c.a.r.s.m.C.selectConfigByContext - <==      Total: 0
2026-09-25 12:35:07.751 [] [] [] [] [schedule-pool-17903109019840] DEBUG c.a.r.s.m.C.selectConfigByContext - ==>  Preparing: select id, code, `group`, `value`, create_time, update_time, status, ver, is_delete from config WHERE update_time >= ? and is_delete != id
2026-09-25 12:35:07.768 [] [] [] [] [schedule-pool-17903109019840] DEBUG c.a.r.s.m.C.selectConfigByContext - ==> Parameters: 1970-01-01 08:00:00.0(Timestamp)
2026-09-25 12:35:07.789 [] [] [] [] [schedule-pool-17903109019840] DEBUG c.a.r.s.m.C.selectConfigByContext - <==      Total: 0
2026-09-25 12:35:17.810 [] [] [] [] [schedule-pool-17903109019841] DEBUG c.a.r.s.m.C.selectConfigByContext - ==>  Preparing: select id, code, `group`, `value`, create_time, update_time, status, ver, is_delete from config WHERE update_time >= ? and is_delete != id
2026-09-25 12:35:17.810 [] [] [] [] [schedule-pool-17903109019841] DEBUG c.a.r.s.m.C.selectConfigByContext - ==> Parameters: 1970-01-01 08:00:00.0(Timestamp)
2026-09-25 12:35:17.812 [] [] [] [] [schedule-pool-17903109019841] DEBUG c.a.r.s.m.C.selectConfigByContext - <==      Total: 0
2026-09-25 12:35:18.560 [] [] [] [] [http-nio-11000-exec-1] DEBUG c.a.r.s.m.U.getUserByOpenidAndCh - ==>  Preparing: select id, uid, username, password, avatar, nickname, email, openid, ch, create_time, update_time, status, ver, is_delete from user where openid = ? and ch = ?
2026-09-25 12:35:18.562 [] [] [] [] [http-nio-11000-exec-1] DEBUG c.a.r.s.m.U.getUserByOpenidAndCh - ==> Parameters: oSkeB5EEri10mSWBN1vdfh2-Cnjo(String), wx(String)
2026-09-25 12:35:18.566 [] [] [] [] [http-nio-11000-exec-1] DEBUG c.a.r.s.m.U.getUserByOpenidAndCh - <==      Total: 0
2026-09-25 12:35:30.262 [] [] [] [] [schedule-pool-17903109019840] DEBUG c.a.r.s.m.C.selectConfigByContext - ==>  Preparing: select id, code, `group`, `value`, create_time, update_time, status, ver, is_delete from config WHERE update_time >= ? and is_delete != id
2026-09-25 12:35:30.262 [] [] [] [] [http-nio-11000-exec-1] DEBUG c.a.r.s.mapper.UserMapper.insertUser - ==>  Preparing: insert into user (uid, nickname, username, password, avatar, email, create_time, update_time, status, ver, is_delete) values (?, ?, ?, ?, ?, ?, ?, ?, ?, ?, ?)
2026-09-25 12:35:30.262 [] [] [] [] [schedule-pool-17903109019840] DEBUG c.a.r.s.m.C.selectConfigByContext - ==> Parameters: 1970-01-01 08:00:00.0(Timestamp)
2026-09-25 12:35:30.262 [] [] [] [] [http-nio-11000-exec-1] DEBUG c.a.r.s.mapper.UserMapper.insertUser - ==> Parameters: 2vnkxpmhuDu(String), 微信用户(String), (String), (String), (String), (String), 2026-09-25 12:35:20.852(Timestamp), 2026-09-25 12:35:20.852(Timestamp), 1(Integer), 1(Integer), 1790310920852(Long)
2026-09-25 12:35:30.264 [] [] [] [] [schedule-pool-17903109019840] DEBUG c.a.r.s.m.C.selectConfigByContext - <==      Total: 0
2026-09-25 12:35:40.266 [] [] [] [] [schedule-pool-17903109019841] DEBUG c.a.r.s.m.C.selectConfigByContext - ==>  Preparing: select id, code, `group`, `value`, create_time, update_time, status, ver, is_delete from config WHERE update_time >= ? and is_delete != id
2026-09-25 12:35:40.266 [] [] [] [] [schedule-pool-17903109019841] DEBUG c.a.r.s.m.C.selectConfigByContext - ==> Parameters: 1970-01-01 08:00:00.0(Timestamp)
2026-09-25 12:35:40.267 [] [] [] [] [schedule-pool-17903109019841] DEBUG c.a.r.s.m.C.selectConfigByContext - <==      Total: 0
2026-09-25 12:35:50.277 [] [] [] [] [schedule-pool-17903109019841] DEBUG c.a.r.s.m.C.selectConfigByContext - ==>  Preparing: select id, code, `group`, `value`, create_time, update_time, status, ver, is_delete from config WHERE update_time >= ? and is_delete != id
2026-09-25 12:35:50.278 [] [] [] [] [schedule-pool-17903109019841] DEBUG c.a.r.s.m.C.selectConfigByContext - ==> Parameters: 1970-01-01 08:00:00.0(Timestamp)
2026-09-25 12:35:50.280 [] [] [] [] [schedule-pool-17903109019841] DEBUG c.a.r.s.m.C.selectConfigByContext - <==      Total: 0
2026-09-25 12:36:00.293 [] [] [] [] [schedule-pool-17903109019840] DEBUG c.a.r.s.m.C.selectConfigByContext - ==>  Preparing: select id, code, `group`, `value`, create_time, update_time, status, ver, is_delete from config WHERE update_time >= ? and is_delete != id
2026-09-25 12:36:00.294 [] [] [] [] [schedule-pool-17903109019840] DEBUG c.a.r.s.m.C.selectConfigByContext - ==> Parameters: 1970-01-01 08:00:00.0(Timestamp)
2026-09-25 12:36:00.295 [] [] [] [] [schedule-pool-17903109019840] DEBUG c.a.r.s.m.C.selectConfigByContext - <==      Total: 0
2026-09-25 12:36:10.303 [] [] [] [] [schedule-pool-17903109019843] DEBUG c.a.r.s.m.C.selectConfigByContext - ==>  Preparing: select id, code, `group`, `value`, create_time, update_time, status, ver, is_delete from config WHERE update_time >= ? and is_delete != id
2026-09-25 12:36:10.304 [] [] [] [] [schedule-pool-17903109019843] DEBUG c.a.r.s.m.C.selectConfigByContext - ==> Parameters: 1970-01-01 08:00:00.0(Timestamp)
2026-09-25 12:36:10.305 [] [] [] [] [schedule-pool-17903109019843] DEBUG c.a.r.s.m.C.selectConfigByContext - <==      Total: 0
2026-09-25 12:36:20.324 [] [] [] [] [schedule-pool-17903109019842] DEBUG c.a.r.s.m.C.selectConfigByContext - ==>  Preparing: select id, code, `group`, `value`, create_time, update_time, status, ver, is_delete from config WHERE update_time >= ? and is_delete != id
2026-09-25 12:36:20.324 [] [] [] [] [schedule-pool-17903109019842] DEBUG c.a.r.s.m.C.selectConfigByContext - ==> Parameters: 1970-01-01 08:00:00.0(Timestamp)
2026-09-25 12:36:20.325 [] [] [] [] [schedule-pool-17903109019842] DEBUG c.a.r.s.m.C.selectConfigByContext - <==      Total: 0
2026-09-25 12:36:30.340 [] [] [] [] [schedule-pool-17903109019844] DEBUG c.a.r.s.m.C.selectConfigByContext - ==>  Preparing: select id, code, `group`, `value`, create_time, update_time, status, ver, is_delete from config WHERE update_time >= ? and is_delete != id
2026-09-25 12:36:30.340 [] [] [] [] [schedule-pool-17903109019844] DEBUG c.a.r.s.m.C.selectConfigByContext - ==> Parameters: 1970-01-01 08:00:00.0(Timestamp)
2026-09-25 12:36:30.341 [] [] [] [] [schedule-pool-17903109019844] DEBUG c.a.r.s.m.C.selectConfigByContext - <==      Total: 0
2026-09-25 12:36:40.352 [] [] [] [] [schedule-pool-17903109019841] DEBUG c.a.r.s.m.C.selectConfigByContext - ==>  Preparing: select id, code, `group`, `value`, create_time, update_time, status, ver, is_delete from config WHERE update_time >= ? and is_delete != id
2026-09-25 12:36:40.353 [] [] [] [] [schedule-pool-17903109019841] DEBUG c.a.r.s.m.C.selectConfigByContext - ==> Parameters: 1970-01-01 08:00:00.0(Timestamp)
2026-09-25 12:36:40.355 [] [] [] [] [schedule-pool-17903109019841] DEBUG c.a.r.s.m.C.selectConfigByContext - <==      Total: 0
2026-09-25 12:36:50.366 [] [] [] [] [schedule-pool-17903109019845] DEBUG c.a.r.s.m.C.selectConfigByContext - ==>  Preparing: select id, code, `group`, `value`, create_time, update_time, status, ver, is_delete from config WHERE update_time >= ? and is_delete != id
2026-09-25 12:36:50.367 [] [] [] [] [schedule-pool-17903109019845] DEBUG c.a.r.s.m.C.selectConfigByContext - ==> Parameters: 1970-01-01 08:00:00.0(Timestamp)
2026-09-25 12:36:50.367 [] [] [] [] [schedule-pool-17903109019845] DEBUG c.a.r.s.m.C.selectConfigByContext - <==      Total: 0
2026-09-25 12:37:00.372 [] [] [] [] [schedule-pool-17903109019840] DEBUG c.a.r.s.m.C.selectConfigByContext - ==>  Preparing: select id, code, `group`, `value`, create_time, update_time, status, ver, is_delete from config WHERE update_time >= ? and is_delete != id
2026-09-25 12:37:00.372 [] [] [] [] [schedule-pool-17903109019840] DEBUG c.a.r.s.m.C.selectConfigByContext - ==> Parameters: 1970-01-01 08:00:00.0(Timestamp)
2026-09-25 12:37:00.373 [] [] [] [] [schedule-pool-17903109019840] DEBUG c.a.r.s.m.C.selectConfigByContext - <==      Total: 0
2026-09-25 12:37:10.389 [] [] [] [] [schedule-pool-17903109019846] DEBUG c.a.r.s.m.C.selectConfigByContext - ==>  Preparing: select id, code, `group`, `value`, create_time, update_time, status, ver, is_delete from config WHERE update_time >= ? and is_delete != id
2026-09-25 12:37:10.389 [] [] [] [] [schedule-pool-17903109019846] DEBUG c.a.r.s.m.C.selectConfigByContext - ==> Parameters: 1970-01-01 08:00:00.0(Timestamp)
2026-09-25 12:37:10.391 [] [] [] [] [schedule-pool-17903109019846] DEBUG c.a.r.s.m.C.selectConfigByContext - <==      Total: 0
2026-09-25 12:37:20.407 [] [] [] [] [schedule-pool-17903109019843] DEBUG c.a.r.s.m.C.selectConfigByContext - ==>  Preparing: select id, code, `group`, `value`, create_time, update_time, status, ver, is_delete from config WHERE update_time >= ? and is_delete != id
2026-09-25 12:37:20.408 [] [] [] [] [schedule-pool-17903109019843] DEBUG c.a.r.s.m.C.selectConfigByContext - ==> Parameters: 1970-01-01 08:00:00.0(Timestamp)
2026-09-25 12:37:20.409 [] [] [] [] [schedule-pool-17903109019843] DEBUG c.a.r.s.m.C.selectConfigByContext - <==      Total: 0
2026-09-25 12:37:37.838 [] [] [] [] [http-nio-11000-exec-1] DEBUG c.a.r.s.m.U.getUserByOpenidAndCh - ==>  Preparing: select id, uid, username, password, avatar, nickname, email, openid, ch, create_time, update_time, status, ver, is_delete from user where openid = ? and ch = ?
2026-09-25 12:37:37.849 [] [] [] [] [http-nio-11000-exec-1] DEBUG c.a.r.s.m.U.getUserByOpenidAndCh - ==> Parameters: oSkeB5EEri10mSWBN1vdfh2-Cnjo(String), wx(String)
2026-09-25 12:37:37.861 [] [] [] [] [http-nio-11000-exec-1] DEBUG c.a.r.s.m.U.getUserByOpenidAndCh - <==      Total: 0
2026-09-25 12:37:38.449 [] [] [] [] [schedule-pool-17903110528140] DEBUG c.a.r.s.m.C.selectConfigByContext - ==>  Preparing: select id, code, `group`, `value`, create_time, update_time, status, ver, is_delete from config WHERE update_time >= ? and is_delete != id
2026-09-25 12:37:38.450 [] [] [] [] [schedule-pool-17903110528140] DEBUG c.a.r.s.m.C.selectConfigByContext - ==> Parameters: 1970-01-01 08:00:00.0(Timestamp)
2026-09-25 12:37:38.453 [] [] [] [] [schedule-pool-17903110528140] DEBUG c.a.r.s.m.C.selectConfigByContext - <==      Total: 0
2026-09-25 12:37:38.993 [] [] [] [] [http-nio-11000-exec-1] DEBUG c.a.r.s.mapper.UserMapper.insertUser - ==>  Preparing: insert into user (uid, nickname, username, password, avatar, email, openid, ch create_time, update_time, status, ver, is_delete) values (?, ?, ?, ?, ?, ?, ?, ?, ?, ?, ?, ?, ?)
2026-09-25 12:37:38.994 [] [] [] [] [http-nio-11000-exec-1] DEBUG c.a.r.s.mapper.UserMapper.insertUser - ==> Parameters: 2vnkHBMQJUY(String), 微信用户(String), (String), (String), (String), (String), oSkeB5EEri10mSWBN1vdfh2-Cnjo(String), wx(String), 2026-09-25 12:37:38.989(Timestamp), 2026-09-25 12:37:38.989(Timestamp), 1(Integer), 1(Integer), 1790311058989(Long)
2026-09-25 12:37:48.459 [] [] [] [] [schedule-pool-17903110528141] DEBUG c.a.r.s.m.C.selectConfigByContext - ==>  Preparing: select id, code, `group`, `value`, create_time, update_time, status, ver, is_delete from config WHERE update_time >= ? and is_delete != id
2026-09-25 12:37:48.459 [] [] [] [] [schedule-pool-17903110528141] DEBUG c.a.r.s.m.C.selectConfigByContext - ==> Parameters: 1970-01-01 08:00:00.0(Timestamp)
2026-09-25 12:37:48.461 [] [] [] [] [schedule-pool-17903110528141] DEBUG c.a.r.s.m.C.selectConfigByContext - <==      Total: 0
2026-09-25 12:37:58.466 [] [] [] [] [schedule-pool-17903110528140] DEBUG c.a.r.s.m.C.selectConfigByContext - ==>  Preparing: select id, code, `group`, `value`, create_time, update_time, status, ver, is_delete from config WHERE update_time >= ? and is_delete != id
2026-09-25 12:37:58.466 [] [] [] [] [schedule-pool-17903110528140] DEBUG c.a.r.s.m.C.selectConfigByContext - ==> Parameters: 1970-01-01 08:00:00.0(Timestamp)
2026-09-25 12:37:58.468 [] [] [] [] [schedule-pool-17903110528140] DEBUG c.a.r.s.m.C.selectConfigByContext - <==      Total: 0
2026-09-25 12:38:08.484 [] [] [] [] [schedule-pool-17903110528140] DEBUG c.a.r.s.m.C.selectConfigByContext - ==>  Preparing: select id, code, `group`, `value`, create_time, update_time, status, ver, is_delete from config WHERE update_time >= ? and is_delete != id
2026-09-25 12:38:08.485 [] [] [] [] [schedule-pool-17903110528140] DEBUG c.a.r.s.m.C.selectConfigByContext - ==> Parameters: 1970-01-01 08:00:00.0(Timestamp)
2026-09-25 12:38:08.486 [] [] [] [] [schedule-pool-17903110528140] DEBUG c.a.r.s.m.C.selectConfigByContext - <==      Total: 0
2026-09-25 12:38:24.437 [] [] [] [] [schedule-pool-17903110986060] DEBUG c.a.r.s.m.C.selectConfigByContext - ==>  Preparing: select id, code, `group`, `value`, create_time, update_time, status, ver, is_delete from config WHERE update_time >= ? and is_delete != id
2026-09-25 12:38:24.455 [] [] [] [] [schedule-pool-17903110986060] DEBUG c.a.r.s.m.C.selectConfigByContext - ==> Parameters: 1970-01-01 08:00:00.0(Timestamp)
2026-09-25 12:38:24.478 [] [] [] [] [schedule-pool-17903110986060] DEBUG c.a.r.s.m.C.selectConfigByContext - <==      Total: 0
2026-09-25 12:38:29.905 [] [] [] [] [http-nio-11000-exec-1] DEBUG c.a.r.s.m.U.getUserByOpenidAndCh - ==>  Preparing: select id, uid, username, password, avatar, nickname, email, openid, ch, create_time, update_time, status, ver, is_delete from user where openid = ? and ch = ?
2026-09-25 12:38:29.906 [] [] [] [] [http-nio-11000-exec-1] DEBUG c.a.r.s.m.U.getUserByOpenidAndCh - ==> Parameters: oSkeB5EEri10mSWBN1vdfh2-Cnjo(String), wx(String)
2026-09-25 12:38:29.907 [] [] [] [] [http-nio-11000-exec-1] DEBUG c.a.r.s.m.U.getUserByOpenidAndCh - <==      Total: 0
2026-09-25 12:38:31.343 [] [] [] [] [http-nio-11000-exec-1] DEBUG c.a.r.s.mapper.UserMapper.insertUser - ==>  Preparing: insert into user (uid, nickname, username, password, avatar, email, openid, ch, create_time, update_time, status, ver, is_delete) values (?, ?, ?, ?, ?, ?, ?, ?, ?, ?, ?, ?, ?)
2026-09-25 12:38:31.343 [] [] [] [] [http-nio-11000-exec-1] DEBUG c.a.r.s.mapper.UserMapper.insertUser - ==> Parameters: 2vnkLtrYyas(String), 微信用户(String), (String), (String), (String), (String), oSkeB5EEri10mSWBN1vdfh2-Cnjo(String), wx(String), 2026-09-25 12:38:31.337(Timestamp), 2026-09-25 12:38:31.337(Timestamp), 1(Integer), 1(Integer), 1790311111337(Long)
2026-09-25 12:38:31.350 [] [] [] [] [http-nio-11000-exec-1] DEBUG c.a.r.s.mapper.UserMapper.insertUser - <==    Updates: 1
2026-09-25 12:38:32.340 [] [] [] [] [http-nio-11000-exec-2] DEBUG c.a.r.s.m.UserMapper.selectUserByUid - ==>  Preparing: select id, uid, username, password, avatar, nickname, email, openid, ch, create_time, update_time, status, ver, is_delete from user where uid = ?
2026-09-25 12:38:32.340 [] [] [] [] [http-nio-11000-exec-2] DEBUG c.a.r.s.m.UserMapper.selectUserByUid - ==> Parameters: 2vnkLtrYyas(String)
2026-09-25 12:38:32.344 [] [] [] [] [http-nio-11000-exec-2] DEBUG c.a.r.s.m.UserMapper.selectUserByUid - <==      Total: 1
2026-09-25 12:38:34.491 [] [] [] [] [schedule-pool-17903110986061] DEBUG c.a.r.s.m.C.selectConfigByContext - ==>  Preparing: select id, code, `group`, `value`, create_time, update_time, status, ver, is_delete from config WHERE update_time >= ? and is_delete != id
2026-09-25 12:38:34.492 [] [] [] [] [schedule-pool-17903110986061] DEBUG c.a.r.s.m.C.selectConfigByContext - ==> Parameters: 1970-01-01 08:00:00.0(Timestamp)
2026-09-25 12:38:34.493 [] [] [] [] [schedule-pool-17903110986061] DEBUG c.a.r.s.m.C.selectConfigByContext - <==      Total: 0
2026-09-25 12:38:44.496 [] [] [] [] [schedule-pool-17903110986060] DEBUG c.a.r.s.m.C.selectConfigByContext - ==>  Preparing: select id, code, `group`, `value`, create_time, update_time, status, ver, is_delete from config WHERE update_time >= ? and is_delete != id
2026-09-25 12:38:44.496 [] [] [] [] [schedule-pool-17903110986060] DEBUG c.a.r.s.m.C.selectConfigByContext - ==> Parameters: 1970-01-01 08:00:00.0(Timestamp)
2026-09-25 12:38:44.498 [] [] [] [] [schedule-pool-17903110986060] DEBUG c.a.r.s.m.C.selectConfigByContext - <==      Total: 0
2026-09-25 12:38:54.512 [] [] [] [] [schedule-pool-17903110986061] DEBUG c.a.r.s.m.C.selectConfigByContext - ==>  Preparing: select id, code, `group`, `value`, create_time, update_time, status, ver, is_delete from config WHERE update_time >= ? and is_delete != id
2026-09-25 12:38:54.512 [] [] [] [] [schedule-pool-17903110986061] DEBUG c.a.r.s.m.C.selectConfigByContext - ==> Parameters: 1970-01-01 08:00:00.0(Timestamp)
2026-09-25 12:38:54.514 [] [] [] [] [schedule-pool-17903110986061] DEBUG c.a.r.s.m.C.selectConfigByContext - <==      Total: 0
2026-09-25 12:39:04.541 [] [] [] [] [schedule-pool-17903110986062] DEBUG c.a.r.s.m.C.selectConfigByContext - ==>  Preparing: select id, code, `group`, `value`, create_time, update_time, status, ver, is_delete from config WHERE update_time >= ? and is_delete != id
2026-09-25 12:39:04.541 [] [] [] [] [schedule-pool-17903110986062] DEBUG c.a.r.s.m.C.selectConfigByContext - ==> Parameters: 1970-01-01 08:00:00.0(Timestamp)
2026-09-25 12:39:04.549 [] [] [] [] [schedule-pool-17903110986062] DEBUG c.a.r.s.m.C.selectConfigByContext - <==      Total: 0
2026-09-25 12:39:14.559 [] [] [] [] [schedule-pool-17903110986060] DEBUG c.a.r.s.m.C.selectConfigByContext - ==>  Preparing: select id, code, `group`, `value`, create_time, update_time, status, ver, is_delete from config WHERE update_time >= ? and is_delete != id
2026-09-25 12:39:14.559 [] [] [] [] [schedule-pool-17903110986060] DEBUG c.a.r.s.m.C.selectConfigByContext - ==> Parameters: 1970-01-01 08:00:00.0(Timestamp)
2026-09-25 12:39:14.562 [] [] [] [] [schedule-pool-17903110986060] DEBUG c.a.r.s.m.C.selectConfigByContext - <==      Total: 0
2026-09-25 12:39:24.581 [] [] [] [] [schedule-pool-17903110986060] DEBUG c.a.r.s.m.C.selectConfigByContext - ==>  Preparing: select id, code, `group`, `value`, create_time, update_time, status, ver, is_delete from config WHERE update_time >= ? and is_delete != id
2026-09-25 12:39:24.581 [] [] [] [] [schedule-pool-17903110986060] DEBUG c.a.r.s.m.C.selectConfigByContext - ==> Parameters: 1970-01-01 08:00:00.0(Timestamp)
2026-09-25 12:39:24.584 [] [] [] [] [schedule-pool-17903110986060] DEBUG c.a.r.s.m.C.selectConfigByContext - <==      Total: 0
2026-09-25 12:39:34.587 [] [] [] [] [schedule-pool-17903110986061] DEBUG c.a.r.s.m.C.selectConfigByContext - ==>  Preparing: select id, code, `group`, `value`, create_time, update_time, status, ver, is_delete from config WHERE update_time >= ? and is_delete != id
2026-09-25 12:39:34.587 [] [] [] [] [schedule-pool-17903110986061] DEBUG c.a.r.s.m.C.selectConfigByContext - ==> Parameters: 1970-01-01 08:00:00.0(Timestamp)
2026-09-25 12:39:34.589 [] [] [] [] [schedule-pool-17903110986061] DEBUG c.a.r.s.m.C.selectConfigByContext - <==      Total: 0
2026-09-25 12:39:44.595 [] [] [] [] [schedule-pool-17903110986064] DEBUG c.a.r.s.m.C.selectConfigByContext - ==>  Preparing: select id, code, `group`, `value`, create_time, update_time, status, ver, is_delete from config WHERE update_time >= ? and is_delete != id
2026-09-25 12:39:44.596 [] [] [] [] [schedule-pool-17903110986064] DEBUG c.a.r.s.m.C.selectConfigByContext - ==> Parameters: 1970-01-01 08:00:00.0(Timestamp)
2026-09-25 12:39:44.597 [] [] [] [] [schedule-pool-17903110986064] DEBUG c.a.r.s.m.C.selectConfigByContext - <==      Total: 0
2026-09-25 12:39:54.606 [] [] [] [] [schedule-pool-17903110986062] DEBUG c.a.r.s.m.C.selectConfigByContext - ==>  Preparing: select id, code, `group`, `value`, create_time, update_time, status, ver, is_delete from config WHERE update_time >= ? and is_delete != id
2026-09-25 12:39:54.606 [] [] [] [] [schedule-pool-17903110986062] DEBUG c.a.r.s.m.C.selectConfigByContext - ==> Parameters: 1970-01-01 08:00:00.0(Timestamp)
2026-09-25 12:39:54.607 [] [] [] [] [schedule-pool-17903110986062] DEBUG c.a.r.s.m.C.selectConfigByContext - <==      Total: 0
2026-09-25 12:40:04.620 [] [] [] [] [schedule-pool-17903110986065] DEBUG c.a.r.s.m.C.selectConfigByContext - ==>  Preparing: select id, code, `group`, `value`, create_time, update_time, status, ver, is_delete from config WHERE update_time >= ? and is_delete != id
2026-09-25 12:40:04.620 [] [] [] [] [schedule-pool-17903110986065] DEBUG c.a.r.s.m.C.selectConfigByContext - ==> Parameters: 1970-01-01 08:00:00.0(Timestamp)
2026-09-25 12:40:04.623 [] [] [] [] [schedule-pool-17903110986065] DEBUG c.a.r.s.m.C.selectConfigByContext - <==      Total: 0
2026-09-25 12:40:14.626 [] [] [] [] [schedule-pool-17903110986063] DEBUG c.a.r.s.m.C.selectConfigByContext - ==>  Preparing: select id, code, `group`, `value`, create_time, update_time, status, ver, is_delete from config WHERE update_time >= ? and is_delete != id
2026-09-25 12:40:14.627 [] [] [] [] [schedule-pool-17903110986063] DEBUG c.a.r.s.m.C.selectConfigByContext - ==> Parameters: 1970-01-01 08:00:00.0(Timestamp)
2026-09-25 12:40:14.628 [] [] [] [] [schedule-pool-17903110986063] DEBUG c.a.r.s.m.C.selectConfigByContext - <==      Total: 0
2026-09-25 12:40:24.636 [] [] [] [] [schedule-pool-17903110986066] DEBUG c.a.r.s.m.C.selectConfigByContext - ==>  Preparing: select id, code, `group`, `value`, create_time, update_time, status, ver, is_delete from config WHERE update_time >= ? and is_delete != id
2026-09-25 12:40:24.637 [] [] [] [] [schedule-pool-17903110986066] DEBUG c.a.r.s.m.C.selectConfigByContext - ==> Parameters: 1970-01-01 08:00:00.0(Timestamp)
2026-09-25 12:40:24.643 [] [] [] [] [schedule-pool-17903110986066] DEBUG c.a.r.s.m.C.selectConfigByContext - <==      Total: 0
2026-09-25 12:40:34.654 [] [] [] [] [schedule-pool-17903110986060] DEBUG c.a.r.s.m.C.selectConfigByContext - ==>  Preparing: select id, code, `group`, `value`, create_time, update_time, status, ver, is_delete from config WHERE update_time >= ? and is_delete != id
2026-09-25 12:40:34.655 [] [] [] [] [schedule-pool-17903110986060] DEBUG c.a.r.s.m.C.selectConfigByContext - ==> Parameters: 1970-01-01 08:00:00.0(Timestamp)
2026-09-25 12:40:34.658 [] [] [] [] [schedule-pool-17903110986060] DEBUG c.a.r.s.m.C.selectConfigByContext - <==      Total: 0
2026-09-25 12:40:44.665 [] [] [] [] [schedule-pool-17903110986067] DEBUG c.a.r.s.m.C.selectConfigByContext - ==>  Preparing: select id, code, `group`, `value`, create_time, update_time, status, ver, is_delete from config WHERE update_time >= ? and is_delete != id
2026-09-25 12:40:44.666 [] [] [] [] [schedule-pool-17903110986067] DEBUG c.a.r.s.m.C.selectConfigByContext - ==> Parameters: 1970-01-01 08:00:00.0(Timestamp)
2026-09-25 12:40:44.667 [] [] [] [] [schedule-pool-17903110986067] DEBUG c.a.r.s.m.C.selectConfigByContext - <==      Total: 0
2026-09-25 12:40:54.678 [] [] [] [] [schedule-pool-17903110986061] DEBUG c.a.r.s.m.C.selectConfigByContext - ==>  Preparing: select id, code, `group`, `value`, create_time, update_time, status, ver, is_delete from config WHERE update_time >= ? and is_delete != id
2026-09-25 12:40:54.678 [] [] [] [] [schedule-pool-17903110986061] DEBUG c.a.r.s.m.C.selectConfigByContext - ==> Parameters: 1970-01-01 08:00:00.0(Timestamp)
2026-09-25 12:40:54.680 [] [] [] [] [schedule-pool-17903110986061] DEBUG c.a.r.s.m.C.selectConfigByContext - <==      Total: 0
2026-09-25 12:41:04.683 [] [] [] [] [schedule-pool-17903110986068] DEBUG c.a.r.s.m.C.selectConfigByContext - ==>  Preparing: select id, code, `group`, `value`, create_time, update_time, status, ver, is_delete from config WHERE update_time >= ? and is_delete != id
2026-09-25 12:41:04.684 [] [] [] [] [schedule-pool-17903110986068] DEBUG c.a.r.s.m.C.selectConfigByContext - ==> Parameters: 1970-01-01 08:00:00.0(Timestamp)
2026-09-25 12:41:04.685 [] [] [] [] [schedule-pool-17903110986068] DEBUG c.a.r.s.m.C.selectConfigByContext - <==      Total: 0
2026-09-25 12:41:14.694 [] [] [] [] [schedule-pool-17903110986064] DEBUG c.a.r.s.m.C.selectConfigByContext - ==>  Preparing: select id, code, `group`, `value`, create_time, update_time, status, ver, is_delete from config WHERE update_time >= ? and is_delete != id
2026-09-25 12:41:14.694 [] [] [] [] [schedule-pool-17903110986064] DEBUG c.a.r.s.m.C.selectConfigByContext - ==> Parameters: 1970-01-01 08:00:00.0(Timestamp)
2026-09-25 12:41:14.695 [] [] [] [] [schedule-pool-17903110986064] DEBUG c.a.r.s.m.C.selectConfigByContext - <==      Total: 0
2026-09-25 12:41:24.706 [] [] [] [] [schedule-pool-17903110986069] DEBUG c.a.r.s.m.C.selectConfigByContext - ==>  Preparing: select id, code, `group`, `value`, create_time, update_time, status, ver, is_delete from config WHERE update_time >= ? and is_delete != id
2026-09-25 12:41:24.707 [] [] [] [] [schedule-pool-17903110986069] DEBUG c.a.r.s.m.C.selectConfigByContext - ==> Parameters: 1970-01-01 08:00:00.0(Timestamp)
2026-09-25 12:41:24.708 [] [] [] [] [schedule-pool-17903110986069] DEBUG c.a.r.s.m.C.selectConfigByContext - <==      Total: 0
2026-09-25 12:41:34.718 [] [] [] [] [schedule-pool-17903110986062] DEBUG c.a.r.s.m.C.selectConfigByContext - ==>  Preparing: select id, code, `group`, `value`, create_time, update_time, status, ver, is_delete from config WHERE update_time >= ? and is_delete != id
2026-09-25 12:41:34.718 [] [] [] [] [schedule-pool-17903110986062] DEBUG c.a.r.s.m.C.selectConfigByContext - ==> Parameters: 1970-01-01 08:00:00.0(Timestamp)
2026-09-25 12:41:34.719 [] [] [] [] [schedule-pool-17903110986062] DEBUG c.a.r.s.m.C.selectConfigByContext - <==      Total: 0
2026-09-25 12:41:44.730 [] [] [] [] [schedule-pool-17903110986062] DEBUG c.a.r.s.m.C.selectConfigByContext - ==>  Preparing: select id, code, `group`, `value`, create_time, update_time, status, ver, is_delete from config WHERE update_time >= ? and is_delete != id
2026-09-25 12:41:44.730 [] [] [] [] [schedule-pool-17903110986062] DEBUG c.a.r.s.m.C.selectConfigByContext - ==> Parameters: 1970-01-01 08:00:00.0(Timestamp)
2026-09-25 12:41:44.731 [] [] [] [] [schedule-pool-17903110986062] DEBUG c.a.r.s.m.C.selectConfigByContext - <==      Total: 0
2026-09-25 12:41:54.735 [] [] [] [] [schedule-pool-17903110986065] DEBUG c.a.r.s.m.C.selectConfigByContext - ==>  Preparing: select id, code, `group`, `value`, create_time, update_time, status, ver, is_delete from config WHERE update_time >= ? and is_delete != id
2026-09-25 12:41:54.735 [] [] [] [] [schedule-pool-17903110986065] DEBUG c.a.r.s.m.C.selectConfigByContext - ==> Parameters: 1970-01-01 08:00:00.0(Timestamp)
2026-09-25 12:41:54.736 [] [] [] [] [schedule-pool-17903110986065] DEBUG c.a.r.s.m.C.selectConfigByContext - <==      Total: 0
2026-09-25 12:42:04.743 [] [] [] [] [schedule-pool-179031109860611] DEBUG c.a.r.s.m.C.selectConfigByContext - ==>  Preparing: select id, code, `group`, `value`, create_time, update_time, status, ver, is_delete from config WHERE update_time >= ? and is_delete != id
2026-09-25 12:42:04.743 [] [] [] [] [schedule-pool-179031109860611] DEBUG c.a.r.s.m.C.selectConfigByContext - ==> Parameters: 1970-01-01 08:00:00.0(Timestamp)
2026-09-25 12:42:04.746 [] [] [] [] [schedule-pool-179031109860611] DEBUG c.a.r.s.m.C.selectConfigByContext - <==      Total: 0
2026-09-25 12:42:14.753 [] [] [] [] [schedule-pool-17903110986063] DEBUG c.a.r.s.m.C.selectConfigByContext - ==>  Preparing: select id, code, `group`, `value`, create_time, update_time, status, ver, is_delete from config WHERE update_time >= ? and is_delete != id
2026-09-25 12:42:14.753 [] [] [] [] [schedule-pool-17903110986063] DEBUG c.a.r.s.m.C.selectConfigByContext - ==> Parameters: 1970-01-01 08:00:00.0(Timestamp)
2026-09-25 12:42:14.755 [] [] [] [] [schedule-pool-17903110986063] DEBUG c.a.r.s.m.C.selectConfigByContext - <==      Total: 0
2026-09-25 12:42:24.769 [] [] [] [] [schedule-pool-179031109860612] DEBUG c.a.r.s.m.C.selectConfigByContext - ==>  Preparing: select id, code, `group`, `value`, create_time, update_time, status, ver, is_delete from config WHERE update_time >= ? and is_delete != id
2026-09-25 12:42:24.769 [] [] [] [] [schedule-pool-179031109860612] DEBUG c.a.r.s.m.C.selectConfigByContext - ==> Parameters: 1970-01-01 08:00:00.0(Timestamp)
2026-09-25 12:42:24.771 [] [] [] [] [schedule-pool-179031109860612] DEBUG c.a.r.s.m.C.selectConfigByContext - <==      Total: 0
2026-09-25 12:42:34.774 [] [] [] [] [schedule-pool-17903110986066] DEBUG c.a.r.s.m.C.selectConfigByContext - ==>  Preparing: select id, code, `group`, `value`, create_time, update_time, status, ver, is_delete from config WHERE update_time >= ? and is_delete != id
2026-09-25 12:42:34.774 [] [] [] [] [schedule-pool-17903110986066] DEBUG c.a.r.s.m.C.selectConfigByContext - ==> Parameters: 1970-01-01 08:00:00.0(Timestamp)
2026-09-25 12:42:34.776 [] [] [] [] [schedule-pool-17903110986066] DEBUG c.a.r.s.m.C.selectConfigByContext - <==      Total: 0
2026-09-25 12:42:44.790 [] [] [] [] [schedule-pool-179031109860613] DEBUG c.a.r.s.m.C.selectConfigByContext - ==>  Preparing: select id, code, `group`, `value`, create_time, update_time, status, ver, is_delete from config WHERE update_time >= ? and is_delete != id
2026-09-25 12:42:44.790 [] [] [] [] [schedule-pool-179031109860613] DEBUG c.a.r.s.m.C.selectConfigByContext - ==> Parameters: 1970-01-01 08:00:00.0(Timestamp)
2026-09-25 12:42:44.792 [] [] [] [] [schedule-pool-179031109860613] DEBUG c.a.r.s.m.C.selectConfigByContext - <==      Total: 0
2026-09-25 12:42:54.808 [] [] [] [] [schedule-pool-17903110986060] DEBUG c.a.r.s.m.C.selectConfigByContext - ==>  Preparing: select id, code, `group`, `value`, create_time, update_time, status, ver, is_delete from config WHERE update_time >= ? and is_delete != id
2026-09-25 12:42:54.808 [] [] [] [] [schedule-pool-17903110986060] DEBUG c.a.r.s.m.C.selectConfigByContext - ==> Parameters: 1970-01-01 08:00:00.0(Timestamp)
2026-09-25 12:42:54.811 [] [] [] [] [schedule-pool-17903110986060] DEBUG c.a.r.s.m.C.selectConfigByContext - <==      Total: 0
2026-09-25 12:43:04.815 [] [] [] [] [schedule-pool-179031109860614] DEBUG c.a.r.s.m.C.selectConfigByContext - ==>  Preparing: select id, code, `group`, `value`, create_time, update_time, status, ver, is_delete from config WHERE update_time >= ? and is_delete != id
2026-09-25 12:43:04.815 [] [] [] [] [schedule-pool-179031109860614] DEBUG c.a.r.s.m.C.selectConfigByContext - ==> Parameters: 1970-01-01 08:00:00.0(Timestamp)
2026-09-25 12:43:04.816 [] [] [] [] [schedule-pool-179031109860614] DEBUG c.a.r.s.m.C.selectConfigByContext - <==      Total: 0
2026-09-25 12:43:14.834 [] [] [] [] [schedule-pool-17903110986067] DEBUG c.a.r.s.m.C.selectConfigByContext - ==>  Preparing: select id, code, `group`, `value`, create_time, update_time, status, ver, is_delete from config WHERE update_time >= ? and is_delete != id
2026-09-25 12:43:14.834 [] [] [] [] [schedule-pool-17903110986067] DEBUG c.a.r.s.m.C.selectConfigByContext - ==> Parameters: 1970-01-01 08:00:00.0(Timestamp)
2026-09-25 12:43:14.839 [] [] [] [] [schedule-pool-17903110986067] DEBUG c.a.r.s.m.C.selectConfigByContext - <==      Total: 0
2026-09-25 12:43:24.853 [] [] [] [] [schedule-pool-179031109860615] DEBUG c.a.r.s.m.C.selectConfigByContext - ==>  Preparing: select id, code, `group`, `value`, create_time, update_time, status, ver, is_delete from config WHERE update_time >= ? and is_delete != id
2026-09-25 12:43:24.853 [] [] [] [] [schedule-pool-179031109860615] DEBUG c.a.r.s.m.C.selectConfigByContext - ==> Parameters: 1970-01-01 08:00:00.0(Timestamp)
2026-09-25 12:43:24.854 [] [] [] [] [schedule-pool-179031109860615] DEBUG c.a.r.s.m.C.selectConfigByContext - <==      Total: 0
2026-09-25 12:43:34.871 [] [] [] [] [schedule-pool-17903110986061] DEBUG c.a.r.s.m.C.selectConfigByContext - ==>  Preparing: select id, code, `group`, `value`, create_time, update_time, status, ver, is_delete from config WHERE update_time >= ? and is_delete != id
2026-09-25 12:43:34.871 [] [] [] [] [schedule-pool-17903110986061] DEBUG c.a.r.s.m.C.selectConfigByContext - ==> Parameters: 1970-01-01 08:00:00.0(Timestamp)
2026-09-25 12:43:34.873 [] [] [] [] [schedule-pool-17903110986061] DEBUG c.a.r.s.m.C.selectConfigByContext - <==      Total: 0
2026-09-25 12:43:44.877 [] [] [] [] [schedule-pool-179031109860616] DEBUG c.a.r.s.m.C.selectConfigByContext - ==>  Preparing: select id, code, `group`, `value`, create_time, update_time, status, ver, is_delete from config WHERE update_time >= ? and is_delete != id
2026-09-25 12:43:44.877 [] [] [] [] [schedule-pool-179031109860616] DEBUG c.a.r.s.m.C.selectConfigByContext - ==> Parameters: 1970-01-01 08:00:00.0(Timestamp)
2026-09-25 12:43:44.878 [] [] [] [] [schedule-pool-179031109860616] DEBUG c.a.r.s.m.C.selectConfigByContext - <==      Total: 0
2026-09-25 12:43:54.893 [] [] [] [] [schedule-pool-17903110986068] DEBUG c.a.r.s.m.C.selectConfigByContext - ==>  Preparing: select id, code, `group`, `value`, create_time, update_time, status, ver, is_delete from config WHERE update_time >= ? and is_delete != id
2026-09-25 12:43:54.893 [] [] [] [] [schedule-pool-17903110986068] DEBUG c.a.r.s.m.C.selectConfigByContext - ==> Parameters: 1970-01-01 08:00:00.0(Timestamp)
2026-09-25 12:43:54.895 [] [] [] [] [schedule-pool-17903110986068] DEBUG c.a.r.s.m.C.selectConfigByContext - <==      Total: 0
2026-09-25 12:44:04.912 [] [] [] [] [schedule-pool-179031109860617] DEBUG c.a.r.s.m.C.selectConfigByContext - ==>  Preparing: select id, code, `group`, `value`, create_time, update_time, status, ver, is_delete from config WHERE update_time >= ? and is_delete != id
2026-09-25 12:44:04.913 [] [] [] [] [schedule-pool-179031109860617] DEBUG c.a.r.s.m.C.selectConfigByContext - ==> Parameters: 1970-01-01 08:00:00.0(Timestamp)
2026-09-25 12:44:04.915 [] [] [] [] [schedule-pool-179031109860617] DEBUG c.a.r.s.m.C.selectConfigByContext - <==      Total: 0
2026-09-25 12:44:14.930 [] [] [] [] [schedule-pool-17903110986064] DEBUG c.a.r.s.m.C.selectConfigByContext - ==>  Preparing: select id, code, `group`, `value`, create_time, update_time, status, ver, is_delete from config WHERE update_time >= ? and is_delete != id
2026-09-25 12:44:14.930 [] [] [] [] [schedule-pool-17903110986064] DEBUG c.a.r.s.m.C.selectConfigByContext - ==> Parameters: 1970-01-01 08:00:00.0(Timestamp)
2026-09-25 12:44:14.933 [] [] [] [] [schedule-pool-17903110986064] DEBUG c.a.r.s.m.C.selectConfigByContext - <==      Total: 0
2026-09-25 12:44:24.936 [] [] [] [] [schedule-pool-17903110986064] DEBUG c.a.r.s.m.C.selectConfigByContext - ==>  Preparing: select id, code, `group`, `value`, create_time, update_time, status, ver, is_delete from config WHERE update_time >= ? and is_delete != id
2026-09-25 12:44:24.936 [] [] [] [] [schedule-pool-17903110986064] DEBUG c.a.r.s.m.C.selectConfigByContext - ==> Parameters: 1970-01-01 08:00:00.0(Timestamp)
2026-09-25 12:44:24.939 [] [] [] [] [schedule-pool-17903110986064] DEBUG c.a.r.s.m.C.selectConfigByContext - <==      Total: 0
2026-09-25 12:44:34.951 [] [] [] [] [schedule-pool-17903110986069] DEBUG c.a.r.s.m.C.selectConfigByContext - ==>  Preparing: select id, code, `group`, `value`, create_time, update_time, status, ver, is_delete from config WHERE update_time >= ? and is_delete != id
2026-09-25 12:44:34.951 [] [] [] [] [schedule-pool-17903110986069] DEBUG c.a.r.s.m.C.selectConfigByContext - ==> Parameters: 1970-01-01 08:00:00.0(Timestamp)
2026-09-25 12:44:34.953 [] [] [] [] [schedule-pool-17903110986069] DEBUG c.a.r.s.m.C.selectConfigByContext - <==      Total: 0
2026-09-25 12:44:44.962 [] [] [] [] [schedule-pool-179031109860619] DEBUG c.a.r.s.m.C.selectConfigByContext - ==>  Preparing: select id, code, `group`, `value`, create_time, update_time, status, ver, is_delete from config WHERE update_time >= ? and is_delete != id
2026-09-25 12:44:44.962 [] [] [] [] [schedule-pool-179031109860619] DEBUG c.a.r.s.m.C.selectConfigByContext - ==> Parameters: 1970-01-01 08:00:00.0(Timestamp)
2026-09-25 12:44:44.967 [] [] [] [] [schedule-pool-179031109860619] DEBUG c.a.r.s.m.C.selectConfigByContext - <==      Total: 0
2026-09-25 12:44:54.985 [] [] [] [] [schedule-pool-179031109860610] DEBUG c.a.r.s.m.C.selectConfigByContext - ==>  Preparing: select id, code, `group`, `value`, create_time, update_time, status, ver, is_delete from config WHERE update_time >= ? and is_delete != id
2026-09-25 12:44:54.986 [] [] [] [] [schedule-pool-179031109860610] DEBUG c.a.r.s.m.C.selectConfigByContext - ==> Parameters: 1970-01-01 08:00:00.0(Timestamp)
2026-09-25 12:44:54.987 [] [] [] [] [schedule-pool-179031109860610] DEBUG c.a.r.s.m.C.selectConfigByContext - <==      Total: 0
2026-09-25 12:45:05.000 [] [] [] [] [schedule-pool-179031109860620] DEBUG c.a.r.s.m.C.selectConfigByContext - ==>  Preparing: select id, code, `group`, `value`, create_time, update_time, status, ver, is_delete from config WHERE update_time >= ? and is_delete != id
2026-09-25 12:45:05.000 [] [] [] [] [schedule-pool-179031109860620] DEBUG c.a.r.s.m.C.selectConfigByContext - ==> Parameters: 1970-01-01 08:00:00.0(Timestamp)
2026-09-25 12:45:05.016 [] [] [] [] [schedule-pool-179031109860620] DEBUG c.a.r.s.m.C.selectConfigByContext - <==      Total: 0
2026-09-25 12:45:15.023 [] [] [] [] [schedule-pool-17903110986062] DEBUG c.a.r.s.m.C.selectConfigByContext - ==>  Preparing: select id, code, `group`, `value`, create_time, update_time, status, ver, is_delete from config WHERE update_time >= ? and is_delete != id
2026-09-25 12:45:15.023 [] [] [] [] [schedule-pool-17903110986062] DEBUG c.a.r.s.m.C.selectConfigByContext - ==> Parameters: 1970-01-01 08:00:00.0(Timestamp)
2026-09-25 12:45:15.025 [] [] [] [] [schedule-pool-17903110986062] DEBUG c.a.r.s.m.C.selectConfigByContext - <==      Total: 0
2026-09-25 12:45:25.032 [] [] [] [] [schedule-pool-179031109860621] DEBUG c.a.r.s.m.C.selectConfigByContext - ==>  Preparing: select id, code, `group`, `value`, create_time, update_time, status, ver, is_delete from config WHERE update_time >= ? and is_delete != id
2026-09-25 12:45:25.032 [] [] [] [] [schedule-pool-179031109860621] DEBUG c.a.r.s.m.C.selectConfigByContext - ==> Parameters: 1970-01-01 08:00:00.0(Timestamp)
2026-09-25 12:45:25.033 [] [] [] [] [schedule-pool-179031109860621] DEBUG c.a.r.s.m.C.selectConfigByContext - <==      Total: 0
2026-09-25 12:45:35.048 [] [] [] [] [schedule-pool-17903110986065] DEBUG c.a.r.s.m.C.selectConfigByContext - ==>  Preparing: select id, code, `group`, `value`, create_time, update_time, status, ver, is_delete from config WHERE update_time >= ? and is_delete != id
2026-09-25 12:45:35.049 [] [] [] [] [schedule-pool-17903110986065] DEBUG c.a.r.s.m.C.selectConfigByContext - ==> Parameters: 1970-01-01 08:00:00.0(Timestamp)
2026-09-25 12:45:35.056 [] [] [] [] [schedule-pool-17903110986065] DEBUG c.a.r.s.m.C.selectConfigByContext - <==      Total: 0
2026-09-25 12:45:45.072 [] [] [] [] [schedule-pool-179031109860622] DEBUG c.a.r.s.m.C.selectConfigByContext - ==>  Preparing: select id, code, `group`, `value`, create_time, update_time, status, ver, is_delete from config WHERE update_time >= ? and is_delete != id
2026-09-25 12:45:45.072 [] [] [] [] [schedule-pool-179031109860622] DEBUG c.a.r.s.m.C.selectConfigByContext - ==> Parameters: 1970-01-01 08:00:00.0(Timestamp)
2026-09-25 12:45:45.073 [] [] [] [] [schedule-pool-179031109860622] DEBUG c.a.r.s.m.C.selectConfigByContext - <==      Total: 0
2026-09-25 12:45:55.083 [] [] [] [] [schedule-pool-179031109860611] DEBUG c.a.r.s.m.C.selectConfigByContext - ==>  Preparing: select id, code, `group`, `value`, create_time, update_time, status, ver, is_delete from config WHERE update_time >= ? and is_delete != id
2026-09-25 12:45:55.083 [] [] [] [] [schedule-pool-179031109860611] DEBUG c.a.r.s.m.C.selectConfigByContext - ==> Parameters: 1970-01-01 08:00:00.0(Timestamp)
2026-09-25 12:45:55.087 [] [] [] [] [schedule-pool-179031109860611] DEBUG c.a.r.s.m.C.selectConfigByContext - <==      Total: 0
2026-09-25 12:46:05.104 [] [] [] [] [schedule-pool-179031109860623] DEBUG c.a.r.s.m.C.selectConfigByContext - ==>  Preparing: select id, code, `group`, `value`, create_time, update_time, status, ver, is_delete from config WHERE update_time >= ? and is_delete != id
2026-09-25 12:46:05.104 [] [] [] [] [schedule-pool-179031109860623] DEBUG c.a.r.s.m.C.selectConfigByContext - ==> Parameters: 1970-01-01 08:00:00.0(Timestamp)
2026-09-25 12:46:05.106 [] [] [] [] [schedule-pool-179031109860623] DEBUG c.a.r.s.m.C.selectConfigByContext - <==      Total: 0
2026-09-25 12:46:15.121 [] [] [] [] [schedule-pool-17903110986063] DEBUG c.a.r.s.m.C.selectConfigByContext - ==>  Preparing: select id, code, `group`, `value`, create_time, update_time, status, ver, is_delete from config WHERE update_time >= ? and is_delete != id
2026-09-25 12:46:15.121 [] [] [] [] [schedule-pool-17903110986063] DEBUG c.a.r.s.m.C.selectConfigByContext - ==> Parameters: 1970-01-01 08:00:00.0(Timestamp)
2026-09-25 12:46:15.124 [] [] [] [] [schedule-pool-17903110986063] DEBUG c.a.r.s.m.C.selectConfigByContext - <==      Total: 0
2026-09-25 12:46:25.135 [] [] [] [] [schedule-pool-179031109860624] DEBUG c.a.r.s.m.C.selectConfigByContext - ==>  Preparing: select id, code, `group`, `value`, create_time, update_time, status, ver, is_delete from config WHERE update_time >= ? and is_delete != id
2026-09-25 12:46:25.137 [] [] [] [] [schedule-pool-179031109860624] DEBUG c.a.r.s.m.C.selectConfigByContext - ==> Parameters: 1970-01-01 08:00:00.0(Timestamp)
2026-09-25 12:46:25.138 [] [] [] [] [schedule-pool-179031109860624] DEBUG c.a.r.s.m.C.selectConfigByContext - <==      Total: 0
2026-09-25 12:46:35.150 [] [] [] [] [schedule-pool-179031109860612] DEBUG c.a.r.s.m.C.selectConfigByContext - ==>  Preparing: select id, code, `group`, `value`, create_time, update_time, status, ver, is_delete from config WHERE update_time >= ? and is_delete != id
2026-09-25 12:46:35.150 [] [] [] [] [schedule-pool-179031109860612] DEBUG c.a.r.s.m.C.selectConfigByContext - ==> Parameters: 1970-01-01 08:00:00.0(Timestamp)
2026-09-25 12:46:35.151 [] [] [] [] [schedule-pool-179031109860612] DEBUG c.a.r.s.m.C.selectConfigByContext - <==      Total: 0
2026-09-25 12:46:45.169 [] [] [] [] [schedule-pool-179031109860612] DEBUG c.a.r.s.m.C.selectConfigByContext - ==>  Preparing: select id, code, `group`, `value`, create_time, update_time, status, ver, is_delete from config WHERE update_time >= ? and is_delete != id
2026-09-25 12:46:45.169 [] [] [] [] [schedule-pool-179031109860612] DEBUG c.a.r.s.m.C.selectConfigByContext - ==> Parameters: 1970-01-01 08:00:00.0(Timestamp)
2026-09-25 12:46:45.174 [] [] [] [] [schedule-pool-179031109860612] DEBUG c.a.r.s.m.C.selectConfigByContext - <==      Total: 0
2026-09-25 12:46:55.190 [] [] [] [] [schedule-pool-179031109860612] DEBUG c.a.r.s.m.C.selectConfigByContext - ==>  Preparing: select id, code, `group`, `value`, create_time, update_time, status, ver, is_delete from config WHERE update_time >= ? and is_delete != id
2026-09-25 12:46:55.190 [] [] [] [] [schedule-pool-179031109860612] DEBUG c.a.r.s.m.C.selectConfigByContext - ==> Parameters: 1970-01-01 08:00:00.0(Timestamp)
2026-09-25 12:46:55.197 [] [] [] [] [schedule-pool-179031109860612] DEBUG c.a.r.s.m.C.selectConfigByContext - <==      Total: 0
2026-09-25 12:47:05.210 [] [] [] [] [schedule-pool-179031109860612] DEBUG c.a.r.s.m.C.selectConfigByContext - ==>  Preparing: select id, code, `group`, `value`, create_time, update_time, status, ver, is_delete from config WHERE update_time >= ? and is_delete != id
2026-09-25 12:47:05.211 [] [] [] [] [schedule-pool-179031109860612] DEBUG c.a.r.s.m.C.selectConfigByContext - ==> Parameters: 1970-01-01 08:00:00.0(Timestamp)
2026-09-25 12:47:05.212 [] [] [] [] [schedule-pool-179031109860612] DEBUG c.a.r.s.m.C.selectConfigByContext - <==      Total: 0
2026-09-25 12:47:15.222 [] [] [] [] [schedule-pool-179031109860612] DEBUG c.a.r.s.m.C.selectConfigByContext - ==>  Preparing: select id, code, `group`, `value`, create_time, update_time, status, ver, is_delete from config WHERE update_time >= ? and is_delete != id
2026-09-25 12:47:15.222 [] [] [] [] [schedule-pool-179031109860612] DEBUG c.a.r.s.m.C.selectConfigByContext - ==> Parameters: 1970-01-01 08:00:00.0(Timestamp)
2026-09-25 12:47:15.223 [] [] [] [] [schedule-pool-179031109860612] DEBUG c.a.r.s.m.C.selectConfigByContext - <==      Total: 0
2026-09-25 12:47:25.243 [] [] [] [] [schedule-pool-179031109860612] DEBUG c.a.r.s.m.C.selectConfigByContext - ==>  Preparing: select id, code, `group`, `value`, create_time, update_time, status, ver, is_delete from config WHERE update_time >= ? and is_delete != id
2026-09-25 12:47:25.244 [] [] [] [] [schedule-pool-179031109860612] DEBUG c.a.r.s.m.C.selectConfigByContext - ==> Parameters: 1970-01-01 08:00:00.0(Timestamp)
2026-09-25 12:47:25.245 [] [] [] [] [schedule-pool-179031109860612] DEBUG c.a.r.s.m.C.selectConfigByContext - <==      Total: 0
2026-09-25 12:47:35.255 [] [] [] [] [schedule-pool-179031109860612] DEBUG c.a.r.s.m.C.selectConfigByContext - ==>  Preparing: select id, code, `group`, `value`, create_time, update_time, status, ver, is_delete from config WHERE update_time >= ? and is_delete != id
2026-09-25 12:47:35.255 [] [] [] [] [schedule-pool-179031109860612] DEBUG c.a.r.s.m.C.selectConfigByContext - ==> Parameters: 1970-01-01 08:00:00.0(Timestamp)
2026-09-25 12:47:35.257 [] [] [] [] [schedule-pool-179031109860612] DEBUG c.a.r.s.m.C.selectConfigByContext - <==      Total: 0
2026-09-25 12:47:45.268 [] [] [] [] [schedule-pool-179031109860612] DEBUG c.a.r.s.m.C.selectConfigByContext - ==>  Preparing: select id, code, `group`, `value`, create_time, update_time, status, ver, is_delete from config WHERE update_time >= ? and is_delete != id
2026-09-25 12:47:45.268 [] [] [] [] [schedule-pool-179031109860612] DEBUG c.a.r.s.m.C.selectConfigByContext - ==> Parameters: 1970-01-01 08:00:00.0(Timestamp)
2026-09-25 12:47:45.269 [] [] [] [] [schedule-pool-179031109860612] DEBUG c.a.r.s.m.C.selectConfigByContext - <==      Total: 0
2026-09-25 12:47:55.284 [] [] [] [] [schedule-pool-179031109860612] DEBUG c.a.r.s.m.C.selectConfigByContext - ==>  Preparing: select id, code, `group`, `value`, create_time, update_time, status, ver, is_delete from config WHERE update_time >= ? and is_delete != id
2026-09-25 12:47:55.284 [] [] [] [] [schedule-pool-179031109860612] DEBUG c.a.r.s.m.C.selectConfigByContext - ==> Parameters: 1970-01-01 08:00:00.0(Timestamp)
2026-09-25 12:47:55.286 [] [] [] [] [schedule-pool-179031109860612] DEBUG c.a.r.s.m.C.selectConfigByContext - <==      Total: 0
2026-09-25 12:48:05.295 [] [] [] [] [schedule-pool-179031109860612] DEBUG c.a.r.s.m.C.selectConfigByContext - ==>  Preparing: select id, code, `group`, `value`, create_time, update_time, status, ver, is_delete from config WHERE update_time >= ? and is_delete != id
2026-09-25 12:48:05.296 [] [] [] [] [schedule-pool-179031109860612] DEBUG c.a.r.s.m.C.selectConfigByContext - ==> Parameters: 1970-01-01 08:00:00.0(Timestamp)
2026-09-25 12:48:05.297 [] [] [] [] [schedule-pool-179031109860612] DEBUG c.a.r.s.m.C.selectConfigByContext - <==      Total: 0
2026-09-25 12:48:15.306 [] [] [] [] [schedule-pool-179031109860612] DEBUG c.a.r.s.m.C.selectConfigByContext - ==>  Preparing: select id, code, `group`, `value`, create_time, update_time, status, ver, is_delete from config WHERE update_time >= ? and is_delete != id
2026-09-25 12:48:15.306 [] [] [] [] [schedule-pool-179031109860612] DEBUG c.a.r.s.m.C.selectConfigByContext - ==> Parameters: 1970-01-01 08:00:00.0(Timestamp)
2026-09-25 12:48:15.307 [] [] [] [] [schedule-pool-179031109860612] DEBUG c.a.r.s.m.C.selectConfigByContext - <==      Total: 0
2026-09-25 12:48:25.310 [] [] [] [] [schedule-pool-179031109860612] DEBUG c.a.r.s.m.C.selectConfigByContext - ==>  Preparing: select id, code, `group`, `value`, create_time, update_time, status, ver, is_delete from config WHERE update_time >= ? and is_delete != id
2026-09-25 12:48:25.310 [] [] [] [] [schedule-pool-179031109860612] DEBUG c.a.r.s.m.C.selectConfigByContext - ==> Parameters: 1970-01-01 08:00:00.0(Timestamp)
2026-09-25 12:48:25.312 [] [] [] [] [schedule-pool-179031109860612] DEBUG c.a.r.s.m.C.selectConfigByContext - <==      Total: 0
2026-09-25 12:48:35.319 [] [] [] [] [schedule-pool-179031109860612] DEBUG c.a.r.s.m.C.selectConfigByContext - ==>  Preparing: select id, code, `group`, `value`, create_time, update_time, status, ver, is_delete from config WHERE update_time >= ? and is_delete != id
2026-09-25 12:48:35.319 [] [] [] [] [schedule-pool-179031109860612] DEBUG c.a.r.s.m.C.selectConfigByContext - ==> Parameters: 1970-01-01 08:00:00.0(Timestamp)
2026-09-25 12:48:35.320 [] [] [] [] [schedule-pool-179031109860612] DEBUG c.a.r.s.m.C.selectConfigByContext - <==      Total: 0
2026-09-25 12:48:45.338 [] [] [] [] [schedule-pool-179031109860612] DEBUG c.a.r.s.m.C.selectConfigByContext - ==>  Preparing: select id, code, `group`, `value`, create_time, update_time, status, ver, is_delete from config WHERE update_time >= ? and is_delete != id
2026-09-25 12:48:45.338 [] [] [] [] [schedule-pool-179031109860612] DEBUG c.a.r.s.m.C.selectConfigByContext - ==> Parameters: 1970-01-01 08:00:00.0(Timestamp)
2026-09-25 12:48:45.344 [] [] [] [] [schedule-pool-179031109860612] DEBUG c.a.r.s.m.C.selectConfigByContext - <==      Total: 0
2026-09-25 12:48:55.356 [] [] [] [] [schedule-pool-179031109860612] DEBUG c.a.r.s.m.C.selectConfigByContext - ==>  Preparing: select id, code, `group`, `value`, create_time, update_time, status, ver, is_delete from config WHERE update_time >= ? and is_delete != id
2026-09-25 12:48:55.356 [] [] [] [] [schedule-pool-179031109860612] DEBUG c.a.r.s.m.C.selectConfigByContext - ==> Parameters: 1970-01-01 08:00:00.0(Timestamp)
2026-09-25 12:48:55.358 [] [] [] [] [schedule-pool-179031109860612] DEBUG c.a.r.s.m.C.selectConfigByContext - <==      Total: 0
2026-09-25 12:49:05.363 [] [] [] [] [schedule-pool-179031109860612] DEBUG c.a.r.s.m.C.selectConfigByContext - ==>  Preparing: select id, code, `group`, `value`, create_time, update_time, status, ver, is_delete from config WHERE update_time >= ? and is_delete != id
2026-09-25 12:49:05.363 [] [] [] [] [schedule-pool-179031109860612] DEBUG c.a.r.s.m.C.selectConfigByContext - ==> Parameters: 1970-01-01 08:00:00.0(Timestamp)
2026-09-25 12:49:05.364 [] [] [] [] [schedule-pool-179031109860612] DEBUG c.a.r.s.m.C.selectConfigByContext - <==      Total: 0
2026-09-25 12:49:15.381 [] [] [] [] [schedule-pool-179031109860612] DEBUG c.a.r.s.m.C.selectConfigByContext - ==>  Preparing: select id, code, `group`, `value`, create_time, update_time, status, ver, is_delete from config WHERE update_time >= ? and is_delete != id
2026-09-25 12:49:15.382 [] [] [] [] [schedule-pool-179031109860612] DEBUG c.a.r.s.m.C.selectConfigByContext - ==> Parameters: 1970-01-01 08:00:00.0(Timestamp)
2026-09-25 12:49:15.383 [] [] [] [] [schedule-pool-179031109860612] DEBUG c.a.r.s.m.C.selectConfigByContext - <==      Total: 0
2026-09-25 12:49:25.396 [] [] [] [] [schedule-pool-179031109860612] DEBUG c.a.r.s.m.C.selectConfigByContext - ==>  Preparing: select id, code, `group`, `value`, create_time, update_time, status, ver, is_delete from config WHERE update_time >= ? and is_delete != id
2026-09-25 12:49:25.396 [] [] [] [] [schedule-pool-179031109860612] DEBUG c.a.r.s.m.C.selectConfigByContext - ==> Parameters: 1970-01-01 08:00:00.0(Timestamp)
2026-09-25 12:49:25.398 [] [] [] [] [schedule-pool-179031109860612] DEBUG c.a.r.s.m.C.selectConfigByContext - <==      Total: 0
2026-09-25 12:49:35.410 [] [] [] [] [schedule-pool-179031109860612] DEBUG c.a.r.s.m.C.selectConfigByContext - ==>  Preparing: select id, code, `group`, `value`, create_time, update_time, status, ver, is_delete from config WHERE update_time >= ? and is_delete != id
2026-09-25 12:49:35.410 [] [] [] [] [schedule-pool-179031109860612] DEBUG c.a.r.s.m.C.selectConfigByContext - ==> Parameters: 1970-01-01 08:00:00.0(Timestamp)
2026-09-25 12:49:35.414 [] [] [] [] [schedule-pool-179031109860612] DEBUG c.a.r.s.m.C.selectConfigByContext - <==      Total: 0
2026-09-25 12:49:45.418 [] [] [] [] [schedule-pool-179031109860612] DEBUG c.a.r.s.m.C.selectConfigByContext - ==>  Preparing: select id, code, `group`, `value`, create_time, update_time, status, ver, is_delete from config WHERE update_time >= ? and is_delete != id
2026-09-25 12:49:45.418 [] [] [] [] [schedule-pool-179031109860612] DEBUG c.a.r.s.m.C.selectConfigByContext - ==> Parameters: 1970-01-01 08:00:00.0(Timestamp)
2026-09-25 12:49:45.419 [] [] [] [] [schedule-pool-179031109860612] DEBUG c.a.r.s.m.C.selectConfigByContext - <==      Total: 0
2026-09-25 12:49:55.436 [] [] [] [] [schedule-pool-179031109860612] DEBUG c.a.r.s.m.C.selectConfigByContext - ==>  Preparing: select id, code, `group`, `value`, create_time, update_time, status, ver, is_delete from config WHERE update_time >= ? and is_delete != id
2026-09-25 12:49:55.436 [] [] [] [] [schedule-pool-179031109860612] DEBUG c.a.r.s.m.C.selectConfigByContext - ==> Parameters: 1970-01-01 08:00:00.0(Timestamp)
2026-09-25 12:49:55.438 [] [] [] [] [schedule-pool-179031109860612] DEBUG c.a.r.s.m.C.selectConfigByContext - <==      Total: 0
2026-09-25 12:50:05.453 [] [] [] [] [schedule-pool-179031109860612] DEBUG c.a.r.s.m.C.selectConfigByContext - ==>  Preparing: select id, code, `group`, `value`, create_time, update_time, status, ver, is_delete from config WHERE update_time >= ? and is_delete != id
2026-09-25 12:50:05.453 [] [] [] [] [schedule-pool-179031109860612] DEBUG c.a.r.s.m.C.selectConfigByContext - ==> Parameters: 1970-01-01 08:00:00.0(Timestamp)
2026-09-25 12:50:05.455 [] [] [] [] [schedule-pool-179031109860612] DEBUG c.a.r.s.m.C.selectConfigByContext - <==      Total: 0
2026-09-25 12:50:15.472 [] [] [] [] [schedule-pool-179031109860612] DEBUG c.a.r.s.m.C.selectConfigByContext - ==>  Preparing: select id, code, `group`, `value`, create_time, update_time, status, ver, is_delete from config WHERE update_time >= ? and is_delete != id
2026-09-25 12:50:15.472 [] [] [] [] [schedule-pool-179031109860612] DEBUG c.a.r.s.m.C.selectConfigByContext - ==> Parameters: 1970-01-01 08:00:00.0(Timestamp)
2026-09-25 12:50:15.473 [] [] [] [] [schedule-pool-179031109860612] DEBUG c.a.r.s.m.C.selectConfigByContext - <==      Total: 0
2026-09-25 12:50:25.485 [] [] [] [] [schedule-pool-179031109860612] DEBUG c.a.r.s.m.C.selectConfigByContext - ==>  Preparing: select id, code, `group`, `value`, create_time, update_time, status, ver, is_delete from config WHERE update_time >= ? and is_delete != id
2026-09-25 12:50:25.485 [] [] [] [] [schedule-pool-179031109860612] DEBUG c.a.r.s.m.C.selectConfigByContext - ==> Parameters: 1970-01-01 08:00:00.0(Timestamp)
2026-09-25 12:50:25.488 [] [] [] [] [schedule-pool-179031109860612] DEBUG c.a.r.s.m.C.selectConfigByContext - <==      Total: 0
2026-09-25 12:50:35.497 [] [] [] [] [schedule-pool-179031109860612] DEBUG c.a.r.s.m.C.selectConfigByContext - ==>  Preparing: select id, code, `group`, `value`, create_time, update_time, status, ver, is_delete from config WHERE update_time >= ? and is_delete != id
2026-09-25 12:50:35.498 [] [] [] [] [schedule-pool-179031109860612] DEBUG c.a.r.s.m.C.selectConfigByContext - ==> Parameters: 1970-01-01 08:00:00.0(Timestamp)
2026-09-25 12:50:35.499 [] [] [] [] [schedule-pool-179031109860612] DEBUG c.a.r.s.m.C.selectConfigByContext - <==      Total: 0
2026-09-25 12:50:45.515 [] [] [] [] [schedule-pool-179031109860612] DEBUG c.a.r.s.m.C.selectConfigByContext - ==>  Preparing: select id, code, `group`, `value`, create_time, update_time, status, ver, is_delete from config WHERE update_time >= ? and is_delete != id
2026-09-25 12:50:45.515 [] [] [] [] [schedule-pool-179031109860612] DEBUG c.a.r.s.m.C.selectConfigByContext - ==> Parameters: 1970-01-01 08:00:00.0(Timestamp)
2026-09-25 12:50:45.518 [] [] [] [] [schedule-pool-179031109860612] DEBUG c.a.r.s.m.C.selectConfigByContext - <==      Total: 0
2026-09-25 12:50:55.526 [] [] [] [] [schedule-pool-179031109860612] DEBUG c.a.r.s.m.C.selectConfigByContext - ==>  Preparing: select id, code, `group`, `value`, create_time, update_time, status, ver, is_delete from config WHERE update_time >= ? and is_delete != id
2026-09-25 12:50:55.528 [] [] [] [] [schedule-pool-179031109860612] DEBUG c.a.r.s.m.C.selectConfigByContext - ==> Parameters: 1970-01-01 08:00:00.0(Timestamp)
2026-09-25 12:50:55.529 [] [] [] [] [schedule-pool-179031109860612] DEBUG c.a.r.s.m.C.selectConfigByContext - <==      Total: 0
2026-09-25 12:51:05.546 [] [] [] [] [schedule-pool-179031109860612] DEBUG c.a.r.s.m.C.selectConfigByContext - ==>  Preparing: select id, code, `group`, `value`, create_time, update_time, status, ver, is_delete from config WHERE update_time >= ? and is_delete != id
2026-09-25 12:51:05.546 [] [] [] [] [schedule-pool-179031109860612] DEBUG c.a.r.s.m.C.selectConfigByContext - ==> Parameters: 1970-01-01 08:00:00.0(Timestamp)
2026-09-25 12:51:05.548 [] [] [] [] [schedule-pool-179031109860612] DEBUG c.a.r.s.m.C.selectConfigByContext - <==      Total: 0
2026-09-25 12:51:15.560 [] [] [] [] [schedule-pool-179031109860612] DEBUG c.a.r.s.m.C.selectConfigByContext - ==>  Preparing: select id, code, `group`, `value`, create_time, update_time, status, ver, is_delete from config WHERE update_time >= ? and is_delete != id
2026-09-25 12:51:15.561 [] [] [] [] [schedule-pool-179031109860612] DEBUG c.a.r.s.m.C.selectConfigByContext - ==> Parameters: 1970-01-01 08:00:00.0(Timestamp)
2026-09-25 12:51:15.562 [] [] [] [] [schedule-pool-179031109860612] DEBUG c.a.r.s.m.C.selectConfigByContext - <==      Total: 0
2026-09-25 12:51:25.570 [] [] [] [] [schedule-pool-179031109860612] DEBUG c.a.r.s.m.C.selectConfigByContext - ==>  Preparing: select id, code, `group`, `value`, create_time, update_time, status, ver, is_delete from config WHERE update_time >= ? and is_delete != id
2026-09-25 12:51:25.570 [] [] [] [] [schedule-pool-179031109860612] DEBUG c.a.r.s.m.C.selectConfigByContext - ==> Parameters: 1970-01-01 08:00:00.0(Timestamp)
2026-09-25 12:51:25.572 [] [] [] [] [schedule-pool-179031109860612] DEBUG c.a.r.s.m.C.selectConfigByContext - <==      Total: 0
2026-09-25 12:51:35.583 [] [] [] [] [schedule-pool-179031109860612] DEBUG c.a.r.s.m.C.selectConfigByContext - ==>  Preparing: select id, code, `group`, `value`, create_time, update_time, status, ver, is_delete from config WHERE update_time >= ? and is_delete != id
2026-09-25 12:51:35.583 [] [] [] [] [schedule-pool-179031109860612] DEBUG c.a.r.s.m.C.selectConfigByContext - ==> Parameters: 1970-01-01 08:00:00.0(Timestamp)
2026-09-25 12:51:35.585 [] [] [] [] [schedule-pool-179031109860612] DEBUG c.a.r.s.m.C.selectConfigByContext - <==      Total: 0
2026-09-25 12:51:45.602 [] [] [] [] [schedule-pool-179031109860612] DEBUG c.a.r.s.m.C.selectConfigByContext - ==>  Preparing: select id, code, `group`, `value`, create_time, update_time, status, ver, is_delete from config WHERE update_time >= ? and is_delete != id
2026-09-25 12:51:45.602 [] [] [] [] [schedule-pool-179031109860612] DEBUG c.a.r.s.m.C.selectConfigByContext - ==> Parameters: 1970-01-01 08:00:00.0(Timestamp)
2026-09-25 12:51:45.604 [] [] [] [] [schedule-pool-179031109860612] DEBUG c.a.r.s.m.C.selectConfigByContext - <==      Total: 0
2026-09-25 12:51:55.622 [] [] [] [] [schedule-pool-179031109860612] DEBUG c.a.r.s.m.C.selectConfigByContext - ==>  Preparing: select id, code, `group`, `value`, create_time, update_time, status, ver, is_delete from config WHERE update_time >= ? and is_delete != id
2026-09-25 12:51:55.622 [] [] [] [] [schedule-pool-179031109860612] DEBUG c.a.r.s.m.C.selectConfigByContext - ==> Parameters: 1970-01-01 08:00:00.0(Timestamp)
2026-09-25 12:51:55.625 [] [] [] [] [schedule-pool-179031109860612] DEBUG c.a.r.s.m.C.selectConfigByContext - <==      Total: 0
2026-09-25 12:52:05.634 [] [] [] [] [schedule-pool-179031109860612] DEBUG c.a.r.s.m.C.selectConfigByContext - ==>  Preparing: select id, code, `group`, `value`, create_time, update_time, status, ver, is_delete from config WHERE update_time >= ? and is_delete != id
2026-09-25 12:52:05.634 [] [] [] [] [schedule-pool-179031109860612] DEBUG c.a.r.s.m.C.selectConfigByContext - ==> Parameters: 1970-01-01 08:00:00.0(Timestamp)
2026-09-25 12:52:05.636 [] [] [] [] [schedule-pool-179031109860612] DEBUG c.a.r.s.m.C.selectConfigByContext - <==      Total: 0
2026-09-25 12:52:15.644 [] [] [] [] [schedule-pool-179031109860612] DEBUG c.a.r.s.m.C.selectConfigByContext - ==>  Preparing: select id, code, `group`, `value`, create_time, update_time, status, ver, is_delete from config WHERE update_time >= ? and is_delete != id
2026-09-25 12:52:15.644 [] [] [] [] [schedule-pool-179031109860612] DEBUG c.a.r.s.m.C.selectConfigByContext - ==> Parameters: 1970-01-01 08:00:00.0(Timestamp)
2026-09-25 12:52:15.648 [] [] [] [] [schedule-pool-179031109860612] DEBUG c.a.r.s.m.C.selectConfigByContext - <==      Total: 0
2026-09-25 12:52:25.663 [] [] [] [] [schedule-pool-179031109860612] DEBUG c.a.r.s.m.C.selectConfigByContext - ==>  Preparing: select id, code, `group`, `value`, create_time, update_time, status, ver, is_delete from config WHERE update_time >= ? and is_delete != id
2026-09-25 12:52:25.663 [] [] [] [] [schedule-pool-179031109860612] DEBUG c.a.r.s.m.C.selectConfigByContext - ==> Parameters: 1970-01-01 08:00:00.0(Timestamp)
2026-09-25 12:52:25.664 [] [] [] [] [schedule-pool-179031109860612] DEBUG c.a.r.s.m.C.selectConfigByContext - <==      Total: 0
2026-09-25 12:52:35.681 [] [] [] [] [schedule-pool-179031109860612] DEBUG c.a.r.s.m.C.selectConfigByContext - ==>  Preparing: select id, code, `group`, `value`, create_time, update_time, status, ver, is_delete from config WHERE update_time >= ? and is_delete != id
2026-09-25 12:52:35.681 [] [] [] [] [schedule-pool-179031109860612] DEBUG c.a.r.s.m.C.selectConfigByContext - ==> Parameters: 1970-01-01 08:00:00.0(Timestamp)
2026-09-25 12:52:35.682 [] [] [] [] [schedule-pool-179031109860612] DEBUG c.a.r.s.m.C.selectConfigByContext - <==      Total: 0
2026-09-25 12:52:45.692 [] [] [] [] [schedule-pool-179031109860612] DEBUG c.a.r.s.m.C.selectConfigByContext - ==>  Preparing: select id, code, `group`, `value`, create_time, update_time, status, ver, is_delete from config WHERE update_time >= ? and is_delete != id
2026-09-25 12:52:45.692 [] [] [] [] [schedule-pool-179031109860612] DEBUG c.a.r.s.m.C.selectConfigByContext - ==> Parameters: 1970-01-01 08:00:00.0(Timestamp)
2026-09-25 12:52:45.693 [] [] [] [] [schedule-pool-179031109860612] DEBUG c.a.r.s.m.C.selectConfigByContext - <==      Total: 0
2026-09-25 12:52:55.706 [] [] [] [] [schedule-pool-179031109860612] DEBUG c.a.r.s.m.C.selectConfigByContext - ==>  Preparing: select id, code, `group`, `value`, create_time, update_time, status, ver, is_delete from config WHERE update_time >= ? and is_delete != id
2026-09-25 12:52:55.706 [] [] [] [] [schedule-pool-179031109860612] DEBUG c.a.r.s.m.C.selectConfigByContext - ==> Parameters: 1970-01-01 08:00:00.0(Timestamp)
2026-09-25 12:52:55.708 [] [] [] [] [schedule-pool-179031109860612] DEBUG c.a.r.s.m.C.selectConfigByContext - <==      Total: 0
2026-09-25 12:53:05.722 [] [] [] [] [schedule-pool-179031109860612] DEBUG c.a.r.s.m.C.selectConfigByContext - ==>  Preparing: select id, code, `group`, `value`, create_time, update_time, status, ver, is_delete from config WHERE update_time >= ? and is_delete != id
2026-09-25 12:53:05.722 [] [] [] [] [schedule-pool-179031109860612] DEBUG c.a.r.s.m.C.selectConfigByContext - ==> Parameters: 1970-01-01 08:00:00.0(Timestamp)
2026-09-25 12:53:05.724 [] [] [] [] [schedule-pool-179031109860612] DEBUG c.a.r.s.m.C.selectConfigByContext - <==      Total: 0
2026-09-25 12:53:15.731 [] [] [] [] [schedule-pool-179031109860612] DEBUG c.a.r.s.m.C.selectConfigByContext - ==>  Preparing: select id, code, `group`, `value`, create_time, update_time, status, ver, is_delete from config WHERE update_time >= ? and is_delete != id
2026-09-25 12:53:15.731 [] [] [] [] [schedule-pool-179031109860612] DEBUG c.a.r.s.m.C.selectConfigByContext - ==> Parameters: 1970-01-01 08:00:00.0(Timestamp)
2026-09-25 12:53:15.734 [] [] [] [] [schedule-pool-179031109860612] DEBUG c.a.r.s.m.C.selectConfigByContext - <==      Total: 0
2026-09-25 12:53:25.738 [] [] [] [] [schedule-pool-179031109860612] DEBUG c.a.r.s.m.C.selectConfigByContext - ==>  Preparing: select id, code, `group`, `value`, create_time, update_time, status, ver, is_delete from config WHERE update_time >= ? and is_delete != id
2026-09-25 12:53:25.740 [] [] [] [] [schedule-pool-179031109860612] DEBUG c.a.r.s.m.C.selectConfigByContext - ==> Parameters: 1970-01-01 08:00:00.0(Timestamp)
2026-09-25 12:53:25.740 [] [] [] [] [schedule-pool-179031109860612] DEBUG c.a.r.s.m.C.selectConfigByContext - <==      Total: 0
2026-09-25 12:53:35.752 [] [] [] [] [schedule-pool-179031109860612] DEBUG c.a.r.s.m.C.selectConfigByContext - ==>  Preparing: select id, code, `group`, `value`, create_time, update_time, status, ver, is_delete from config WHERE update_time >= ? and is_delete != id
2026-09-25 12:53:35.753 [] [] [] [] [schedule-pool-179031109860612] DEBUG c.a.r.s.m.C.selectConfigByContext - ==> Parameters: 1970-01-01 08:00:00.0(Timestamp)
2026-09-25 12:53:35.755 [] [] [] [] [schedule-pool-179031109860612] DEBUG c.a.r.s.m.C.selectConfigByContext - <==      Total: 0
2026-09-25 12:53:45.768 [] [] [] [] [schedule-pool-179031109860612] DEBUG c.a.r.s.m.C.selectConfigByContext - ==>  Preparing: select id, code, `group`, `value`, create_time, update_time, status, ver, is_delete from config WHERE update_time >= ? and is_delete != id
2026-09-25 12:53:45.769 [] [] [] [] [schedule-pool-179031109860612] DEBUG c.a.r.s.m.C.selectConfigByContext - ==> Parameters: 1970-01-01 08:00:00.0(Timestamp)
2026-09-25 12:53:45.772 [] [] [] [] [schedule-pool-179031109860612] DEBUG c.a.r.s.m.C.selectConfigByContext - <==      Total: 0
2026-09-25 12:53:55.775 [] [] [] [] [schedule-pool-179031109860612] DEBUG c.a.r.s.m.C.selectConfigByContext - ==>  Preparing: select id, code, `group`, `value`, create_time, update_time, status, ver, is_delete from config WHERE update_time >= ? and is_delete != id
2026-09-25 12:53:55.775 [] [] [] [] [schedule-pool-179031109860612] DEBUG c.a.r.s.m.C.selectConfigByContext - ==> Parameters: 1970-01-01 08:00:00.0(Timestamp)
2026-09-25 12:53:55.777 [] [] [] [] [schedule-pool-179031109860612] DEBUG c.a.r.s.m.C.selectConfigByContext - <==      Total: 0
2026-09-25 12:54:05.785 [] [] [] [] [schedule-pool-179031109860612] DEBUG c.a.r.s.m.C.selectConfigByContext - ==>  Preparing: select id, code, `group`, `value`, create_time, update_time, status, ver, is_delete from config WHERE update_time >= ? and is_delete != id
2026-09-25 12:54:05.785 [] [] [] [] [schedule-pool-179031109860612] DEBUG c.a.r.s.m.C.selectConfigByContext - ==> Parameters: 1970-01-01 08:00:00.0(Timestamp)
2026-09-25 12:54:05.787 [] [] [] [] [schedule-pool-179031109860612] DEBUG c.a.r.s.m.C.selectConfigByContext - <==      Total: 0
2026-09-25 12:54:15.790 [] [] [] [] [schedule-pool-179031109860612] DEBUG c.a.r.s.m.C.selectConfigByContext - ==>  Preparing: select id, code, `group`, `value`, create_time, update_time, status, ver, is_delete from config WHERE update_time >= ? and is_delete != id
2026-09-25 12:54:15.790 [] [] [] [] [schedule-pool-179031109860612] DEBUG c.a.r.s.m.C.selectConfigByContext - ==> Parameters: 1970-01-01 08:00:00.0(Timestamp)
2026-09-25 12:54:15.792 [] [] [] [] [schedule-pool-179031109860612] DEBUG c.a.r.s.m.C.selectConfigByContext - <==      Total: 0
2026-09-25 12:54:25.796 [] [] [] [] [schedule-pool-179031109860612] DEBUG c.a.r.s.m.C.selectConfigByContext - ==>  Preparing: select id, code, `group`, `value`, create_time, update_time, status, ver, is_delete from config WHERE update_time >= ? and is_delete != id
2026-09-25 12:54:25.796 [] [] [] [] [schedule-pool-179031109860612] DEBUG c.a.r.s.m.C.selectConfigByContext - ==> Parameters: 1970-01-01 08:00:00.0(Timestamp)
2026-09-25 12:54:25.798 [] [] [] [] [schedule-pool-179031109860612] DEBUG c.a.r.s.m.C.selectConfigByContext - <==      Total: 0
2026-09-25 12:54:35.800 [] [] [] [] [schedule-pool-179031109860612] DEBUG c.a.r.s.m.C.selectConfigByContext - ==>  Preparing: select id, code, `group`, `value`, create_time, update_time, status, ver, is_delete from config WHERE update_time >= ? and is_delete != id
2026-09-25 12:54:35.801 [] [] [] [] [schedule-pool-179031109860612] DEBUG c.a.r.s.m.C.selectConfigByContext - ==> Parameters: 1970-01-01 08:00:00.0(Timestamp)
2026-09-25 12:54:35.803 [] [] [] [] [schedule-pool-179031109860612] DEBUG c.a.r.s.m.C.selectConfigByContext - <==      Total: 0
2026-09-25 12:54:45.820 [] [] [] [] [schedule-pool-179031109860612] DEBUG c.a.r.s.m.C.selectConfigByContext - ==>  Preparing: select id, code, `group`, `value`, create_time, update_time, status, ver, is_delete from config WHERE update_time >= ? and is_delete != id
2026-09-25 12:54:45.820 [] [] [] [] [schedule-pool-179031109860612] DEBUG c.a.r.s.m.C.selectConfigByContext - ==> Parameters: 1970-01-01 08:00:00.0(Timestamp)
2026-09-25 12:54:45.821 [] [] [] [] [schedule-pool-179031109860612] DEBUG c.a.r.s.m.C.selectConfigByContext - <==      Total: 0
2026-09-25 12:54:55.828 [] [] [] [] [schedule-pool-179031109860612] DEBUG c.a.r.s.m.C.selectConfigByContext - ==>  Preparing: select id, code, `group`, `value`, create_time, update_time, status, ver, is_delete from config WHERE update_time >= ? and is_delete != id
2026-09-25 12:54:55.828 [] [] [] [] [schedule-pool-179031109860612] DEBUG c.a.r.s.m.C.selectConfigByContext - ==> Parameters: 1970-01-01 08:00:00.0(Timestamp)
2026-09-25 12:54:55.830 [] [] [] [] [schedule-pool-179031109860612] DEBUG c.a.r.s.m.C.selectConfigByContext - <==      Total: 0
2026-09-25 12:55:05.837 [] [] [] [] [schedule-pool-179031109860612] DEBUG c.a.r.s.m.C.selectConfigByContext - ==>  Preparing: select id, code, `group`, `value`, create_time, update_time, status, ver, is_delete from config WHERE update_time >= ? and is_delete != id
2026-09-25 12:55:05.837 [] [] [] [] [schedule-pool-179031109860612] DEBUG c.a.r.s.m.C.selectConfigByContext - ==> Parameters: 1970-01-01 08:00:00.0(Timestamp)
2026-09-25 12:55:05.839 [] [] [] [] [schedule-pool-179031109860612] DEBUG c.a.r.s.m.C.selectConfigByContext - <==      Total: 0
2026-09-25 12:55:15.846 [] [] [] [] [schedule-pool-179031109860612] DEBUG c.a.r.s.m.C.selectConfigByContext - ==>  Preparing: select id, code, `group`, `value`, create_time, update_time, status, ver, is_delete from config WHERE update_time >= ? and is_delete != id
2026-09-25 12:55:15.846 [] [] [] [] [schedule-pool-179031109860612] DEBUG c.a.r.s.m.C.selectConfigByContext - ==> Parameters: 1970-01-01 08:00:00.0(Timestamp)
2026-09-25 12:55:15.847 [] [] [] [] [schedule-pool-179031109860612] DEBUG c.a.r.s.m.C.selectConfigByContext - <==      Total: 0
2026-09-25 12:55:25.861 [] [] [] [] [schedule-pool-179031109860612] DEBUG c.a.r.s.m.C.selectConfigByContext - ==>  Preparing: select id, code, `group`, `value`, create_time, update_time, status, ver, is_delete from config WHERE update_time >= ? and is_delete != id
2026-09-25 12:55:25.861 [] [] [] [] [schedule-pool-179031109860612] DEBUG c.a.r.s.m.C.selectConfigByContext - ==> Parameters: 1970-01-01 08:00:00.0(Timestamp)
2026-09-25 12:55:25.863 [] [] [] [] [schedule-pool-179031109860612] DEBUG c.a.r.s.m.C.selectConfigByContext - <==      Total: 0
2026-09-25 12:55:35.876 [] [] [] [] [schedule-pool-179031109860612] DEBUG c.a.r.s.m.C.selectConfigByContext - ==>  Preparing: select id, code, `group`, `value`, create_time, update_time, status, ver, is_delete from config WHERE update_time >= ? and is_delete != id
2026-09-25 12:55:35.876 [] [] [] [] [schedule-pool-179031109860612] DEBUG c.a.r.s.m.C.selectConfigByContext - ==> Parameters: 1970-01-01 08:00:00.0(Timestamp)
2026-09-25 12:55:35.877 [] [] [] [] [schedule-pool-179031109860612] DEBUG c.a.r.s.m.C.selectConfigByContext - <==      Total: 0
2026-09-25 12:55:45.887 [] [] [] [] [schedule-pool-179031109860612] DEBUG c.a.r.s.m.C.selectConfigByContext - ==>  Preparing: select id, code, `group`, `value`, create_time, update_time, status, ver, is_delete from config WHERE update_time >= ? and is_delete != id
2026-09-25 12:55:45.888 [] [] [] [] [schedule-pool-179031109860612] DEBUG c.a.r.s.m.C.selectConfigByContext - ==> Parameters: 1970-01-01 08:00:00.0(Timestamp)
2026-09-25 12:55:45.889 [] [] [] [] [schedule-pool-179031109860612] DEBUG c.a.r.s.m.C.selectConfigByContext - <==      Total: 0
2026-09-25 12:55:55.895 [] [] [] [] [schedule-pool-179031109860612] DEBUG c.a.r.s.m.C.selectConfigByContext - ==>  Preparing: select id, code, `group`, `value`, create_time, update_time, status, ver, is_delete from config WHERE update_time >= ? and is_delete != id
2026-09-25 12:55:55.895 [] [] [] [] [schedule-pool-179031109860612] DEBUG c.a.r.s.m.C.selectConfigByContext - ==> Parameters: 1970-01-01 08:00:00.0(Timestamp)
2026-09-25 12:55:55.899 [] [] [] [] [schedule-pool-179031109860612] DEBUG c.a.r.s.m.C.selectConfigByContext - <==      Total: 0
2026-09-25 12:56:05.902 [] [] [] [] [schedule-pool-179031109860612] DEBUG c.a.r.s.m.C.selectConfigByContext - ==>  Preparing: select id, code, `group`, `value`, create_time, update_time, status, ver, is_delete from config WHERE update_time >= ? and is_delete != id
2026-09-25 12:56:05.902 [] [] [] [] [schedule-pool-179031109860612] DEBUG c.a.r.s.m.C.selectConfigByContext - ==> Parameters: 1970-01-01 08:00:00.0(Timestamp)
2026-09-25 12:56:05.903 [] [] [] [] [schedule-pool-179031109860612] DEBUG c.a.r.s.m.C.selectConfigByContext - <==      Total: 0
2026-09-25 12:56:15.913 [] [] [] [] [schedule-pool-179031109860612] DEBUG c.a.r.s.m.C.selectConfigByContext - ==>  Preparing: select id, code, `group`, `value`, create_time, update_time, status, ver, is_delete from config WHERE update_time >= ? and is_delete != id
2026-09-25 12:56:15.913 [] [] [] [] [schedule-pool-179031109860612] DEBUG c.a.r.s.m.C.selectConfigByContext - ==> Parameters: 1970-01-01 08:00:00.0(Timestamp)
2026-09-25 12:56:15.913 [] [] [] [] [schedule-pool-179031109860612] DEBUG c.a.r.s.m.C.selectConfigByContext - <==      Total: 0
2026-09-25 12:56:25.921 [] [] [] [] [schedule-pool-179031109860612] DEBUG c.a.r.s.m.C.selectConfigByContext - ==>  Preparing: select id, code, `group`, `value`, create_time, update_time, status, ver, is_delete from config WHERE update_time >= ? and is_delete != id
2026-09-25 12:56:25.921 [] [] [] [] [schedule-pool-179031109860612] DEBUG c.a.r.s.m.C.selectConfigByContext - ==> Parameters: 1970-01-01 08:00:00.0(Timestamp)
2026-09-25 12:56:25.922 [] [] [] [] [schedule-pool-179031109860612] DEBUG c.a.r.s.m.C.selectConfigByContext - <==      Total: 0
2026-09-25 12:56:35.932 [] [] [] [] [schedule-pool-179031109860612] DEBUG c.a.r.s.m.C.selectConfigByContext - ==>  Preparing: select id, code, `group`, `value`, create_time, update_time, status, ver, is_delete from config WHERE update_time >= ? and is_delete != id
2026-09-25 12:56:35.932 [] [] [] [] [schedule-pool-179031109860612] DEBUG c.a.r.s.m.C.selectConfigByContext - ==> Parameters: 1970-01-01 08:00:00.0(Timestamp)
2026-09-25 12:56:35.934 [] [] [] [] [schedule-pool-179031109860612] DEBUG c.a.r.s.m.C.selectConfigByContext - <==      Total: 0
2026-09-25 12:56:45.938 [] [] [] [] [schedule-pool-179031109860612] DEBUG c.a.r.s.m.C.selectConfigByContext - ==>  Preparing: select id, code, `group`, `value`, create_time, update_time, status, ver, is_delete from config WHERE update_time >= ? and is_delete != id
2026-09-25 12:56:45.938 [] [] [] [] [schedule-pool-179031109860612] DEBUG c.a.r.s.m.C.selectConfigByContext - ==> Parameters: 1970-01-01 08:00:00.0(Timestamp)
2026-09-25 12:56:45.939 [] [] [] [] [schedule-pool-179031109860612] DEBUG c.a.r.s.m.C.selectConfigByContext - <==      Total: 0
2026-09-25 12:56:55.943 [] [] [] [] [schedule-pool-179031109860612] DEBUG c.a.r.s.m.C.selectConfigByContext - ==>  Preparing: select id, code, `group`, `value`, create_time, update_time, status, ver, is_delete from config WHERE update_time >= ? and is_delete != id
2026-09-25 12:56:55.943 [] [] [] [] [schedule-pool-179031109860612] DEBUG c.a.r.s.m.C.selectConfigByContext - ==> Parameters: 1970-01-01 08:00:00.0(Timestamp)
2026-09-25 12:56:55.944 [] [] [] [] [schedule-pool-179031109860612] DEBUG c.a.r.s.m.C.selectConfigByContext - <==      Total: 0
2026-09-25 12:57:05.949 [] [] [] [] [schedule-pool-179031109860612] DEBUG c.a.r.s.m.C.selectConfigByContext - ==>  Preparing: select id, code, `group`, `value`, create_time, update_time, status, ver, is_delete from config WHERE update_time >= ? and is_delete != id
2026-09-25 12:57:05.949 [] [] [] [] [schedule-pool-179031109860612] DEBUG c.a.r.s.m.C.selectConfigByContext - ==> Parameters: 1970-01-01 08:00:00.0(Timestamp)
2026-09-25 12:57:05.949 [] [] [] [] [schedule-pool-179031109860612] DEBUG c.a.r.s.m.C.selectConfigByContext - <==      Total: 0
2026-09-25 12:57:15.953 [] [] [] [] [schedule-pool-179031109860612] DEBUG c.a.r.s.m.C.selectConfigByContext - ==>  Preparing: select id, code, `group`, `value`, create_time, update_time, status, ver, is_delete from config WHERE update_time >= ? and is_delete != id
2026-09-25 12:57:15.953 [] [] [] [] [schedule-pool-179031109860612] DEBUG c.a.r.s.m.C.selectConfigByContext - ==> Parameters: 1970-01-01 08:00:00.0(Timestamp)
2026-09-25 12:57:15.955 [] [] [] [] [schedule-pool-179031109860612] DEBUG c.a.r.s.m.C.selectConfigByContext - <==      Total: 0
2026-09-25 12:57:25.969 [] [] [] [] [schedule-pool-179031109860612] DEBUG c.a.r.s.m.C.selectConfigByContext - ==>  Preparing: select id, code, `group`, `value`, create_time, update_time, status, ver, is_delete from config WHERE update_time >= ? and is_delete != id
2026-09-25 12:57:25.970 [] [] [] [] [schedule-pool-179031109860612] DEBUG c.a.r.s.m.C.selectConfigByContext - ==> Parameters: 1970-01-01 08:00:00.0(Timestamp)
2026-09-25 12:57:25.970 [] [] [] [] [schedule-pool-179031109860612] DEBUG c.a.r.s.m.C.selectConfigByContext - <==      Total: 0
2026-09-25 12:57:35.980 [] [] [] [] [schedule-pool-179031109860612] DEBUG c.a.r.s.m.C.selectConfigByContext - ==>  Preparing: select id, code, `group`, `value`, create_time, update_time, status, ver, is_delete from config WHERE update_time >= ? and is_delete != id
2026-09-25 12:57:35.980 [] [] [] [] [schedule-pool-179031109860612] DEBUG c.a.r.s.m.C.selectConfigByContext - ==> Parameters: 1970-01-01 08:00:00.0(Timestamp)
2026-09-25 12:57:35.981 [] [] [] [] [schedule-pool-179031109860612] DEBUG c.a.r.s.m.C.selectConfigByContext - <==      Total: 0
2026-09-25 12:57:45.989 [] [] [] [] [schedule-pool-179031109860612] DEBUG c.a.r.s.m.C.selectConfigByContext - ==>  Preparing: select id, code, `group`, `value`, create_time, update_time, status, ver, is_delete from config WHERE update_time >= ? and is_delete != id
2026-09-25 12:57:45.989 [] [] [] [] [schedule-pool-179031109860612] DEBUG c.a.r.s.m.C.selectConfigByContext - ==> Parameters: 1970-01-01 08:00:00.0(Timestamp)
2026-09-25 12:57:45.991 [] [] [] [] [schedule-pool-179031109860612] DEBUG c.a.r.s.m.C.selectConfigByContext - <==      Total: 0
2026-09-25 12:57:56.004 [] [] [] [] [schedule-pool-179031109860612] DEBUG c.a.r.s.m.C.selectConfigByContext - ==>  Preparing: select id, code, `group`, `value`, create_time, update_time, status, ver, is_delete from config WHERE update_time >= ? and is_delete != id
2026-09-25 12:57:56.004 [] [] [] [] [schedule-pool-179031109860612] DEBUG c.a.r.s.m.C.selectConfigByContext - ==> Parameters: 1970-01-01 08:00:00.0(Timestamp)
2026-09-25 12:57:56.008 [] [] [] [] [schedule-pool-179031109860612] DEBUG c.a.r.s.m.C.selectConfigByContext - <==      Total: 0
2026-09-25 12:58:06.013 [] [] [] [] [schedule-pool-179031109860612] DEBUG c.a.r.s.m.C.selectConfigByContext - ==>  Preparing: select id, code, `group`, `value`, create_time, update_time, status, ver, is_delete from config WHERE update_time >= ? and is_delete != id
2026-09-25 12:58:06.013 [] [] [] [] [schedule-pool-179031109860612] DEBUG c.a.r.s.m.C.selectConfigByContext - ==> Parameters: 1970-01-01 08:00:00.0(Timestamp)
2026-09-25 12:58:06.015 [] [] [] [] [schedule-pool-179031109860612] DEBUG c.a.r.s.m.C.selectConfigByContext - <==      Total: 0
2026-09-25 12:58:16.023 [] [] [] [] [schedule-pool-179031109860635] DEBUG c.a.r.s.m.C.selectConfigByContext - ==>  Preparing: select id, code, `group`, `value`, create_time, update_time, status, ver, is_delete from config WHERE update_time >= ? and is_delete != id
2026-09-25 12:58:16.023 [] [] [] [] [schedule-pool-179031109860635] DEBUG c.a.r.s.m.C.selectConfigByContext - ==> Parameters: 1970-01-01 08:00:00.0(Timestamp)
2026-09-25 12:58:16.026 [] [] [] [] [schedule-pool-179031109860635] DEBUG c.a.r.s.m.C.selectConfigByContext - <==      Total: 0
2026-09-25 12:58:26.037 [] [] [] [] [schedule-pool-179031109860635] DEBUG c.a.r.s.m.C.selectConfigByContext - ==>  Preparing: select id, code, `group`, `value`, create_time, update_time, status, ver, is_delete from config WHERE update_time >= ? and is_delete != id
2026-09-25 12:58:26.039 [] [] [] [] [schedule-pool-179031109860635] DEBUG c.a.r.s.m.C.selectConfigByContext - ==> Parameters: 1970-01-01 08:00:00.0(Timestamp)
2026-09-25 12:58:26.040 [] [] [] [] [schedule-pool-179031109860635] DEBUG c.a.r.s.m.C.selectConfigByContext - <==      Total: 0
2026-09-25 12:58:36.044 [] [] [] [] [schedule-pool-179031109860635] DEBUG c.a.r.s.m.C.selectConfigByContext - ==>  Preparing: select id, code, `group`, `value`, create_time, update_time, status, ver, is_delete from config WHERE update_time >= ? and is_delete != id
2026-09-25 12:58:36.044 [] [] [] [] [schedule-pool-179031109860635] DEBUG c.a.r.s.m.C.selectConfigByContext - ==> Parameters: 1970-01-01 08:00:00.0(Timestamp)
2026-09-25 12:58:36.045 [] [] [] [] [schedule-pool-179031109860635] DEBUG c.a.r.s.m.C.selectConfigByContext - <==      Total: 0
2026-09-25 12:58:46.048 [] [] [] [] [schedule-pool-179031109860635] DEBUG c.a.r.s.m.C.selectConfigByContext - ==>  Preparing: select id, code, `group`, `value`, create_time, update_time, status, ver, is_delete from config WHERE update_time >= ? and is_delete != id
2026-09-25 12:58:46.048 [] [] [] [] [schedule-pool-179031109860635] DEBUG c.a.r.s.m.C.selectConfigByContext - ==> Parameters: 1970-01-01 08:00:00.0(Timestamp)
2026-09-25 12:58:46.049 [] [] [] [] [schedule-pool-179031109860635] DEBUG c.a.r.s.m.C.selectConfigByContext - <==      Total: 0
2026-09-25 12:58:56.059 [] [] [] [] [schedule-pool-179031109860635] DEBUG c.a.r.s.m.C.selectConfigByContext - ==>  Preparing: select id, code, `group`, `value`, create_time, update_time, status, ver, is_delete from config WHERE update_time >= ? and is_delete != id
2026-09-25 12:58:56.059 [] [] [] [] [schedule-pool-179031109860635] DEBUG c.a.r.s.m.C.selectConfigByContext - ==> Parameters: 1970-01-01 08:00:00.0(Timestamp)
2026-09-25 12:58:56.060 [] [] [] [] [schedule-pool-179031109860635] DEBUG c.a.r.s.m.C.selectConfigByContext - <==      Total: 0
2026-09-25 12:59:06.072 [] [] [] [] [schedule-pool-179031109860635] DEBUG c.a.r.s.m.C.selectConfigByContext - ==>  Preparing: select id, code, `group`, `value`, create_time, update_time, status, ver, is_delete from config WHERE update_time >= ? and is_delete != id
2026-09-25 12:59:06.072 [] [] [] [] [schedule-pool-179031109860635] DEBUG c.a.r.s.m.C.selectConfigByContext - ==> Parameters: 1970-01-01 08:00:00.0(Timestamp)
2026-09-25 12:59:06.073 [] [] [] [] [schedule-pool-179031109860635] DEBUG c.a.r.s.m.C.selectConfigByContext - <==      Total: 0
2026-09-25 12:59:16.087 [] [] [] [] [schedule-pool-179031109860635] DEBUG c.a.r.s.m.C.selectConfigByContext - ==>  Preparing: select id, code, `group`, `value`, create_time, update_time, status, ver, is_delete from config WHERE update_time >= ? and is_delete != id
2026-09-25 12:59:16.087 [] [] [] [] [schedule-pool-179031109860635] DEBUG c.a.r.s.m.C.selectConfigByContext - ==> Parameters: 1970-01-01 08:00:00.0(Timestamp)
2026-09-25 12:59:16.089 [] [] [] [] [schedule-pool-179031109860635] DEBUG c.a.r.s.m.C.selectConfigByContext - <==      Total: 0
2026-09-25 12:59:26.097 [] [] [] [] [schedule-pool-179031109860635] DEBUG c.a.r.s.m.C.selectConfigByContext - ==>  Preparing: select id, code, `group`, `value`, create_time, update_time, status, ver, is_delete from config WHERE update_time >= ? and is_delete != id
2026-09-25 12:59:26.097 [] [] [] [] [schedule-pool-179031109860635] DEBUG c.a.r.s.m.C.selectConfigByContext - ==> Parameters: 1970-01-01 08:00:00.0(Timestamp)
2026-09-25 12:59:26.099 [] [] [] [] [schedule-pool-179031109860635] DEBUG c.a.r.s.m.C.selectConfigByContext - <==      Total: 0
2026-09-25 12:59:36.115 [] [] [] [] [schedule-pool-179031109860635] DEBUG c.a.r.s.m.C.selectConfigByContext - ==>  Preparing: select id, code, `group`, `value`, create_time, update_time, status, ver, is_delete from config WHERE update_time >= ? and is_delete != id
2026-09-25 12:59:36.115 [] [] [] [] [schedule-pool-179031109860635] DEBUG c.a.r.s.m.C.selectConfigByContext - ==> Parameters: 1970-01-01 08:00:00.0(Timestamp)
2026-09-25 12:59:36.118 [] [] [] [] [schedule-pool-179031109860635] DEBUG c.a.r.s.m.C.selectConfigByContext - <==      Total: 0
2026-09-25 12:59:46.130 [] [] [] [] [schedule-pool-179031109860635] DEBUG c.a.r.s.m.C.selectConfigByContext - ==>  Preparing: select id, code, `group`, `value`, create_time, update_time, status, ver, is_delete from config WHERE update_time >= ? and is_delete != id
2026-09-25 12:59:46.130 [] [] [] [] [schedule-pool-179031109860635] DEBUG c.a.r.s.m.C.selectConfigByContext - ==> Parameters: 1970-01-01 08:00:00.0(Timestamp)
2026-09-25 12:59:46.131 [] [] [] [] [schedule-pool-179031109860635] DEBUG c.a.r.s.m.C.selectConfigByContext - <==      Total: 0
2026-09-25 12:59:56.146 [] [] [] [] [schedule-pool-179031109860635] DEBUG c.a.r.s.m.C.selectConfigByContext - ==>  Preparing: select id, code, `group`, `value`, create_time, update_time, status, ver, is_delete from config WHERE update_time >= ? and is_delete != id
2026-09-25 12:59:56.146 [] [] [] [] [schedule-pool-179031109860635] DEBUG c.a.r.s.m.C.selectConfigByContext - ==> Parameters: 1970-01-01 08:00:00.0(Timestamp)
2026-09-25 12:59:56.147 [] [] [] [] [schedule-pool-179031109860635] DEBUG c.a.r.s.m.C.selectConfigByContext - <==      Total: 0
2026-09-25 13:00:06.158 [] [] [] [] [schedule-pool-179031109860635] DEBUG c.a.r.s.m.C.selectConfigByContext - ==>  Preparing: select id, code, `group`, `value`, create_time, update_time, status, ver, is_delete from config WHERE update_time >= ? and is_delete != id
2026-09-25 13:00:06.158 [] [] [] [] [schedule-pool-179031109860635] DEBUG c.a.r.s.m.C.selectConfigByContext - ==> Parameters: 1970-01-01 08:00:00.0(Timestamp)
2026-09-25 13:00:06.159 [] [] [] [] [schedule-pool-179031109860635] DEBUG c.a.r.s.m.C.selectConfigByContext - <==      Total: 0
2026-09-25 13:00:16.175 [] [] [] [] [schedule-pool-179031109860635] DEBUG c.a.r.s.m.C.selectConfigByContext - ==>  Preparing: select id, code, `group`, `value`, create_time, update_time, status, ver, is_delete from config WHERE update_time >= ? and is_delete != id
2026-09-25 13:00:16.175 [] [] [] [] [schedule-pool-179031109860635] DEBUG c.a.r.s.m.C.selectConfigByContext - ==> Parameters: 1970-01-01 08:00:00.0(Timestamp)
2026-09-25 13:00:16.176 [] [] [] [] [schedule-pool-179031109860635] DEBUG c.a.r.s.m.C.selectConfigByContext - <==      Total: 0
2026-09-25 13:00:26.192 [] [] [] [] [schedule-pool-179031109860635] DEBUG c.a.r.s.m.C.selectConfigByContext - ==>  Preparing: select id, code, `group`, `value`, create_time, update_time, status, ver, is_delete from config WHERE update_time >= ? and is_delete != id
2026-09-25 13:00:26.192 [] [] [] [] [schedule-pool-179031109860635] DEBUG c.a.r.s.m.C.selectConfigByContext - ==> Parameters: 1970-01-01 08:00:00.0(Timestamp)
2026-09-25 13:00:26.193 [] [] [] [] [schedule-pool-179031109860635] DEBUG c.a.r.s.m.C.selectConfigByContext - <==      Total: 0
2026-09-25 13:00:36.210 [] [] [] [] [schedule-pool-179031109860635] DEBUG c.a.r.s.m.C.selectConfigByContext - ==>  Preparing: select id, code, `group`, `value`, create_time, update_time, status, ver, is_delete from config WHERE update_time >= ? and is_delete != id
2026-09-25 13:00:36.210 [] [] [] [] [schedule-pool-179031109860635] DEBUG c.a.r.s.m.C.selectConfigByContext - ==> Parameters: 1970-01-01 08:00:00.0(Timestamp)
2026-09-25 13:00:36.211 [] [] [] [] [schedule-pool-179031109860635] DEBUG c.a.r.s.m.C.selectConfigByContext - <==      Total: 0
2026-09-25 13:00:46.221 [] [] [] [] [schedule-pool-179031109860635] DEBUG c.a.r.s.m.C.selectConfigByContext - ==>  Preparing: select id, code, `group`, `value`, create_time, update_time, status, ver, is_delete from config WHERE update_time >= ? and is_delete != id
2026-09-25 13:00:46.221 [] [] [] [] [schedule-pool-179031109860635] DEBUG c.a.r.s.m.C.selectConfigByContext - ==> Parameters: 1970-01-01 08:00:00.0(Timestamp)
2026-09-25 13:00:46.222 [] [] [] [] [schedule-pool-179031109860635] DEBUG c.a.r.s.m.C.selectConfigByContext - <==      Total: 0
2026-09-25 13:00:56.238 [] [] [] [] [schedule-pool-179031109860635] DEBUG c.a.r.s.m.C.selectConfigByContext - ==>  Preparing: select id, code, `group`, `value`, create_time, update_time, status, ver, is_delete from config WHERE update_time >= ? and is_delete != id
2026-09-25 13:00:56.238 [] [] [] [] [schedule-pool-179031109860635] DEBUG c.a.r.s.m.C.selectConfigByContext - ==> Parameters: 1970-01-01 08:00:00.0(Timestamp)
2026-09-25 13:00:56.240 [] [] [] [] [schedule-pool-179031109860635] DEBUG c.a.r.s.m.C.selectConfigByContext - <==      Total: 0
2026-09-25 13:01:06.242 [] [] [] [] [schedule-pool-179031109860635] DEBUG c.a.r.s.m.C.selectConfigByContext - ==>  Preparing: select id, code, `group`, `value`, create_time, update_time, status, ver, is_delete from config WHERE update_time >= ? and is_delete != id
2026-09-25 13:01:06.244 [] [] [] [] [schedule-pool-179031109860635] DEBUG c.a.r.s.m.C.selectConfigByContext - ==> Parameters: 1970-01-01 08:00:00.0(Timestamp)
2026-09-25 13:01:06.246 [] [] [] [] [schedule-pool-179031109860635] DEBUG c.a.r.s.m.C.selectConfigByContext - <==      Total: 0
2026-09-25 13:01:16.259 [] [] [] [] [schedule-pool-179031109860635] DEBUG c.a.r.s.m.C.selectConfigByContext - ==>  Preparing: select id, code, `group`, `value`, create_time, update_time, status, ver, is_delete from config WHERE update_time >= ? and is_delete != id
2026-09-25 13:01:16.259 [] [] [] [] [schedule-pool-179031109860635] DEBUG c.a.r.s.m.C.selectConfigByContext - ==> Parameters: 1970-01-01 08:00:00.0(Timestamp)
2026-09-25 13:01:16.259 [] [] [] [] [schedule-pool-179031109860635] DEBUG c.a.r.s.m.C.selectConfigByContext - <==      Total: 0
2026-09-25 13:01:26.262 [] [] [] [] [schedule-pool-179031109860635] DEBUG c.a.r.s.m.C.selectConfigByContext - ==>  Preparing: select id, code, `group`, `value`, create_time, update_time, status, ver, is_delete from config WHERE update_time >= ? and is_delete != id
2026-09-25 13:01:26.262 [] [] [] [] [schedule-pool-179031109860635] DEBUG c.a.r.s.m.C.selectConfigByContext - ==> Parameters: 1970-01-01 08:00:00.0(Timestamp)
2026-09-25 13:01:26.263 [] [] [] [] [schedule-pool-179031109860635] DEBUG c.a.r.s.m.C.selectConfigByContext - <==      Total: 0
2026-09-25 13:01:36.274 [] [] [] [] [schedule-pool-179031109860635] DEBUG c.a.r.s.m.C.selectConfigByContext - ==>  Preparing: select id, code, `group`, `value`, create_time, update_time, status, ver, is_delete from config WHERE update_time >= ? and is_delete != id
2026-09-25 13:01:36.274 [] [] [] [] [schedule-pool-179031109860635] DEBUG c.a.r.s.m.C.selectConfigByContext - ==> Parameters: 1970-01-01 08:00:00.0(Timestamp)
2026-09-25 13:01:36.275 [] [] [] [] [schedule-pool-179031109860635] DEBUG c.a.r.s.m.C.selectConfigByContext - <==      Total: 0
2026-09-25 13:01:46.285 [] [] [] [] [schedule-pool-179031109860635] DEBUG c.a.r.s.m.C.selectConfigByContext - ==>  Preparing: select id, code, `group`, `value`, create_time, update_time, status, ver, is_delete from config WHERE update_time >= ? and is_delete != id
2026-09-25 13:01:46.285 [] [] [] [] [schedule-pool-179031109860635] DEBUG c.a.r.s.m.C.selectConfigByContext - ==> Parameters: 1970-01-01 08:00:00.0(Timestamp)
2026-09-25 13:01:46.286 [] [] [] [] [schedule-pool-179031109860635] DEBUG c.a.r.s.m.C.selectConfigByContext - <==      Total: 0
2026-09-25 13:01:56.295 [] [] [] [] [schedule-pool-179031109860635] DEBUG c.a.r.s.m.C.selectConfigByContext - ==>  Preparing: select id, code, `group`, `value`, create_time, update_time, status, ver, is_delete from config WHERE update_time >= ? and is_delete != id
2026-09-25 13:01:56.295 [] [] [] [] [schedule-pool-179031109860635] DEBUG c.a.r.s.m.C.selectConfigByContext - ==> Parameters: 1970-01-01 08:00:00.0(Timestamp)
2026-09-25 13:01:56.296 [] [] [] [] [schedule-pool-179031109860635] DEBUG c.a.r.s.m.C.selectConfigByContext - <==      Total: 0
2026-09-25 13:02:06.309 [] [] [] [] [schedule-pool-179031109860635] DEBUG c.a.r.s.m.C.selectConfigByContext - ==>  Preparing: select id, code, `group`, `value`, create_time, update_time, status, ver, is_delete from config WHERE update_time >= ? and is_delete != id
2026-09-25 13:02:06.309 [] [] [] [] [schedule-pool-179031109860635] DEBUG c.a.r.s.m.C.selectConfigByContext - ==> Parameters: 1970-01-01 08:00:00.0(Timestamp)
2026-09-25 13:02:06.310 [] [] [] [] [schedule-pool-179031109860635] DEBUG c.a.r.s.m.C.selectConfigByContext - <==      Total: 0
2026-09-25 13:02:16.311 [] [] [] [] [schedule-pool-179031109860635] DEBUG c.a.r.s.m.C.selectConfigByContext - ==>  Preparing: select id, code, `group`, `value`, create_time, update_time, status, ver, is_delete from config WHERE update_time >= ? and is_delete != id
2026-09-25 13:02:16.311 [] [] [] [] [schedule-pool-179031109860635] DEBUG c.a.r.s.m.C.selectConfigByContext - ==> Parameters: 1970-01-01 08:00:00.0(Timestamp)
2026-09-25 13:02:16.313 [] [] [] [] [schedule-pool-179031109860635] DEBUG c.a.r.s.m.C.selectConfigByContext - <==      Total: 0
2026-09-25 13:02:26.318 [] [] [] [] [schedule-pool-179031109860635] DEBUG c.a.r.s.m.C.selectConfigByContext - ==>  Preparing: select id, code, `group`, `value`, create_time, update_time, status, ver, is_delete from config WHERE update_time >= ? and is_delete != id
2026-09-25 13:02:26.318 [] [] [] [] [schedule-pool-179031109860635] DEBUG c.a.r.s.m.C.selectConfigByContext - ==> Parameters: 1970-01-01 08:00:00.0(Timestamp)
2026-09-25 13:02:26.320 [] [] [] [] [schedule-pool-179031109860635] DEBUG c.a.r.s.m.C.selectConfigByContext - <==      Total: 0
2026-09-25 13:02:36.323 [] [] [] [] [schedule-pool-179031109860635] DEBUG c.a.r.s.m.C.selectConfigByContext - ==>  Preparing: select id, code, `group`, `value`, create_time, update_time, status, ver, is_delete from config WHERE update_time >= ? and is_delete != id
2026-09-25 13:02:36.324 [] [] [] [] [schedule-pool-179031109860635] DEBUG c.a.r.s.m.C.selectConfigByContext - ==> Parameters: 1970-01-01 08:00:00.0(Timestamp)
2026-09-25 13:02:36.325 [] [] [] [] [schedule-pool-179031109860635] DEBUG c.a.r.s.m.C.selectConfigByContext - <==      Total: 0
2026-09-25 13:02:46.341 [] [] [] [] [schedule-pool-179031109860635] DEBUG c.a.r.s.m.C.selectConfigByContext - ==>  Preparing: select id, code, `group`, `value`, create_time, update_time, status, ver, is_delete from config WHERE update_time >= ? and is_delete != id
2026-09-25 13:02:46.341 [] [] [] [] [schedule-pool-179031109860635] DEBUG c.a.r.s.m.C.selectConfigByContext - ==> Parameters: 1970-01-01 08:00:00.0(Timestamp)
2026-09-25 13:02:46.342 [] [] [] [] [schedule-pool-179031109860635] DEBUG c.a.r.s.m.C.selectConfigByContext - <==      Total: 0
2026-09-25 13:02:56.352 [] [] [] [] [schedule-pool-179031109860635] DEBUG c.a.r.s.m.C.selectConfigByContext - ==>  Preparing: select id, code, `group`, `value`, create_time, update_time, status, ver, is_delete from config WHERE update_time >= ? and is_delete != id
2026-09-25 13:02:56.353 [] [] [] [] [schedule-pool-179031109860635] DEBUG c.a.r.s.m.C.selectConfigByContext - ==> Parameters: 1970-01-01 08:00:00.0(Timestamp)
2026-09-25 13:02:56.359 [] [] [] [] [schedule-pool-179031109860635] DEBUG c.a.r.s.m.C.selectConfigByContext - <==      Total: 0
2026-09-25 13:03:06.365 [] [] [] [] [schedule-pool-179031109860635] DEBUG c.a.r.s.m.C.selectConfigByContext - ==>  Preparing: select id, code, `group`, `value`, create_time, update_time, status, ver, is_delete from config WHERE update_time >= ? and is_delete != id
2026-09-25 13:03:06.366 [] [] [] [] [schedule-pool-179031109860635] DEBUG c.a.r.s.m.C.selectConfigByContext - ==> Parameters: 1970-01-01 08:00:00.0(Timestamp)
2026-09-25 13:03:06.366 [] [] [] [] [schedule-pool-179031109860635] DEBUG c.a.r.s.m.C.selectConfigByContext - <==      Total: 0
2026-09-25 13:03:16.392 [] [] [] [] [schedule-pool-179031109860635] DEBUG c.a.r.s.m.C.selectConfigByContext - ==>  Preparing: select id, code, `group`, `value`, create_time, update_time, status, ver, is_delete from config WHERE update_time >= ? and is_delete != id
2026-09-25 13:03:16.392 [] [] [] [] [schedule-pool-179031109860635] DEBUG c.a.r.s.m.C.selectConfigByContext - ==> Parameters: 1970-01-01 08:00:00.0(Timestamp)
2026-09-25 13:03:16.396 [] [] [] [] [schedule-pool-179031109860635] DEBUG c.a.r.s.m.C.selectConfigByContext - <==      Total: 0
2026-09-25 13:03:26.398 [] [] [] [] [schedule-pool-179031109860635] DEBUG c.a.r.s.m.C.selectConfigByContext - ==>  Preparing: select id, code, `group`, `value`, create_time, update_time, status, ver, is_delete from config WHERE update_time >= ? and is_delete != id
2026-09-25 13:03:26.398 [] [] [] [] [schedule-pool-179031109860635] DEBUG c.a.r.s.m.C.selectConfigByContext - ==> Parameters: 1970-01-01 08:00:00.0(Timestamp)
2026-09-25 13:03:26.401 [] [] [] [] [schedule-pool-179031109860635] DEBUG c.a.r.s.m.C.selectConfigByContext - <==      Total: 0
2026-09-25 13:03:36.404 [] [] [] [] [schedule-pool-179031109860635] DEBUG c.a.r.s.m.C.selectConfigByContext - ==>  Preparing: select id, code, `group`, `value`, create_time, update_time, status, ver, is_delete from config WHERE update_time >= ? and is_delete != id
2026-09-25 13:03:36.405 [] [] [] [] [schedule-pool-179031109860635] DEBUG c.a.r.s.m.C.selectConfigByContext - ==> Parameters: 1970-01-01 08:00:00.0(Timestamp)
2026-09-25 13:03:36.406 [] [] [] [] [schedule-pool-179031109860635] DEBUG c.a.r.s.m.C.selectConfigByContext - <==      Total: 0
2026-09-25 13:03:46.417 [] [] [] [] [schedule-pool-179031109860635] DEBUG c.a.r.s.m.C.selectConfigByContext - ==>  Preparing: select id, code, `group`, `value`, create_time, update_time, status, ver, is_delete from config WHERE update_time >= ? and is_delete != id
2026-09-25 13:03:46.417 [] [] [] [] [schedule-pool-179031109860635] DEBUG c.a.r.s.m.C.selectConfigByContext - ==> Parameters: 1970-01-01 08:00:00.0(Timestamp)
2026-09-25 13:03:46.418 [] [] [] [] [schedule-pool-179031109860635] DEBUG c.a.r.s.m.C.selectConfigByContext - <==      Total: 0
2026-09-25 13:03:56.433 [] [] [] [] [schedule-pool-179031109860635] DEBUG c.a.r.s.m.C.selectConfigByContext - ==>  Preparing: select id, code, `group`, `value`, create_time, update_time, status, ver, is_delete from config WHERE update_time >= ? and is_delete != id
2026-09-25 13:03:56.433 [] [] [] [] [schedule-pool-179031109860635] DEBUG c.a.r.s.m.C.selectConfigByContext - ==> Parameters: 1970-01-01 08:00:00.0(Timestamp)
2026-09-25 13:03:56.436 [] [] [] [] [schedule-pool-179031109860635] DEBUG c.a.r.s.m.C.selectConfigByContext - <==      Total: 0
2026-09-25 13:04:06.438 [] [] [] [] [schedule-pool-179031109860635] DEBUG c.a.r.s.m.C.selectConfigByContext - ==>  Preparing: select id, code, `group`, `value`, create_time, update_time, status, ver, is_delete from config WHERE update_time >= ? and is_delete != id
2026-09-25 13:04:06.438 [] [] [] [] [schedule-pool-179031109860635] DEBUG c.a.r.s.m.C.selectConfigByContext - ==> Parameters: 1970-01-01 08:00:00.0(Timestamp)
2026-09-25 13:04:06.439 [] [] [] [] [schedule-pool-179031109860635] DEBUG c.a.r.s.m.C.selectConfigByContext - <==      Total: 0
2026-09-25 13:04:16.453 [] [] [] [] [schedule-pool-179031109860635] DEBUG c.a.r.s.m.C.selectConfigByContext - ==>  Preparing: select id, code, `group`, `value`, create_time, update_time, status, ver, is_delete from config WHERE update_time >= ? and is_delete != id
2026-09-25 13:04:16.453 [] [] [] [] [schedule-pool-179031109860635] DEBUG c.a.r.s.m.C.selectConfigByContext - ==> Parameters: 1970-01-01 08:00:00.0(Timestamp)
2026-09-25 13:04:16.454 [] [] [] [] [schedule-pool-179031109860635] DEBUG c.a.r.s.m.C.selectConfigByContext - <==      Total: 0
2026-09-25 13:04:26.471 [] [] [] [] [schedule-pool-179031109860635] DEBUG c.a.r.s.m.C.selectConfigByContext - ==>  Preparing: select id, code, `group`, `value`, create_time, update_time, status, ver, is_delete from config WHERE update_time >= ? and is_delete != id
2026-09-25 13:04:26.471 [] [] [] [] [schedule-pool-179031109860635] DEBUG c.a.r.s.m.C.selectConfigByContext - ==> Parameters: 1970-01-01 08:00:00.0(Timestamp)
2026-09-25 13:04:26.472 [] [] [] [] [schedule-pool-179031109860635] DEBUG c.a.r.s.m.C.selectConfigByContext - <==      Total: 0
2026-09-25 13:04:36.490 [] [] [] [] [schedule-pool-179031109860635] DEBUG c.a.r.s.m.C.selectConfigByContext - ==>  Preparing: select id, code, `group`, `value`, create_time, update_time, status, ver, is_delete from config WHERE update_time >= ? and is_delete != id
2026-09-25 13:04:36.490 [] [] [] [] [schedule-pool-179031109860635] DEBUG c.a.r.s.m.C.selectConfigByContext - ==> Parameters: 1970-01-01 08:00:00.0(Timestamp)
2026-09-25 13:04:36.491 [] [] [] [] [schedule-pool-179031109860635] DEBUG c.a.r.s.m.C.selectConfigByContext - <==      Total: 0
2026-09-25 13:04:46.503 [] [] [] [] [schedule-pool-179031109860635] DEBUG c.a.r.s.m.C.selectConfigByContext - ==>  Preparing: select id, code, `group`, `value`, create_time, update_time, status, ver, is_delete from config WHERE update_time >= ? and is_delete != id
2026-09-25 13:04:46.503 [] [] [] [] [schedule-pool-179031109860635] DEBUG c.a.r.s.m.C.selectConfigByContext - ==> Parameters: 1970-01-01 08:00:00.0(Timestamp)
2026-09-25 13:04:46.505 [] [] [] [] [schedule-pool-179031109860635] DEBUG c.a.r.s.m.C.selectConfigByContext - <==      Total: 0
2026-09-25 13:04:56.513 [] [] [] [] [schedule-pool-179031109860635] DEBUG c.a.r.s.m.C.selectConfigByContext - ==>  Preparing: select id, code, `group`, `value`, create_time, update_time, status, ver, is_delete from config WHERE update_time >= ? and is_delete != id
2026-09-25 13:04:56.513 [] [] [] [] [schedule-pool-179031109860635] DEBUG c.a.r.s.m.C.selectConfigByContext - ==> Parameters: 1970-01-01 08:00:00.0(Timestamp)
2026-09-25 13:04:56.514 [] [] [] [] [schedule-pool-179031109860635] DEBUG c.a.r.s.m.C.selectConfigByContext - <==      Total: 0
2026-09-25 13:05:06.520 [] [] [] [] [schedule-pool-179031109860635] DEBUG c.a.r.s.m.C.selectConfigByContext - ==>  Preparing: select id, code, `group`, `value`, create_time, update_time, status, ver, is_delete from config WHERE update_time >= ? and is_delete != id
2026-09-25 13:05:06.520 [] [] [] [] [schedule-pool-179031109860635] DEBUG c.a.r.s.m.C.selectConfigByContext - ==> Parameters: 1970-01-01 08:00:00.0(Timestamp)
2026-09-25 13:05:06.527 [] [] [] [] [schedule-pool-179031109860635] DEBUG c.a.r.s.m.C.selectConfigByContext - <==      Total: 0
2026-09-25 13:05:16.535 [] [] [] [] [schedule-pool-179031109860635] DEBUG c.a.r.s.m.C.selectConfigByContext - ==>  Preparing: select id, code, `group`, `value`, create_time, update_time, status, ver, is_delete from config WHERE update_time >= ? and is_delete != id
2026-09-25 13:05:16.535 [] [] [] [] [schedule-pool-179031109860635] DEBUG c.a.r.s.m.C.selectConfigByContext - ==> Parameters: 1970-01-01 08:00:00.0(Timestamp)
2026-09-25 13:05:16.537 [] [] [] [] [schedule-pool-179031109860635] DEBUG c.a.r.s.m.C.selectConfigByContext - <==      Total: 0
2026-09-25 13:05:26.544 [] [] [] [] [schedule-pool-179031109860635] DEBUG c.a.r.s.m.C.selectConfigByContext - ==>  Preparing: select id, code, `group`, `value`, create_time, update_time, status, ver, is_delete from config WHERE update_time >= ? and is_delete != id
2026-09-25 13:05:26.544 [] [] [] [] [schedule-pool-179031109860635] DEBUG c.a.r.s.m.C.selectConfigByContext - ==> Parameters: 1970-01-01 08:00:00.0(Timestamp)
2026-09-25 13:05:26.546 [] [] [] [] [schedule-pool-179031109860635] DEBUG c.a.r.s.m.C.selectConfigByContext - <==      Total: 0
2026-09-25 13:05:36.560 [] [] [] [] [schedule-pool-179031109860635] DEBUG c.a.r.s.m.C.selectConfigByContext - ==>  Preparing: select id, code, `group`, `value`, create_time, update_time, status, ver, is_delete from config WHERE update_time >= ? and is_delete != id
2026-09-25 13:05:36.560 [] [] [] [] [schedule-pool-179031109860635] DEBUG c.a.r.s.m.C.selectConfigByContext - ==> Parameters: 1970-01-01 08:00:00.0(Timestamp)
2026-09-25 13:05:36.563 [] [] [] [] [schedule-pool-179031109860635] DEBUG c.a.r.s.m.C.selectConfigByContext - <==      Total: 0
2026-09-25 13:05:46.573 [] [] [] [] [schedule-pool-179031109860635] DEBUG c.a.r.s.m.C.selectConfigByContext - ==>  Preparing: select id, code, `group`, `value`, create_time, update_time, status, ver, is_delete from config WHERE update_time >= ? and is_delete != id
2026-09-25 13:05:46.573 [] [] [] [] [schedule-pool-179031109860635] DEBUG c.a.r.s.m.C.selectConfigByContext - ==> Parameters: 1970-01-01 08:00:00.0(Timestamp)
2026-09-25 13:05:46.574 [] [] [] [] [schedule-pool-179031109860635] DEBUG c.a.r.s.m.C.selectConfigByContext - <==      Total: 0
2026-09-25 13:05:56.586 [] [] [] [] [schedule-pool-179031109860635] DEBUG c.a.r.s.m.C.selectConfigByContext - ==>  Preparing: select id, code, `group`, `value`, create_time, update_time, status, ver, is_delete from config WHERE update_time >= ? and is_delete != id
2026-09-25 13:05:56.586 [] [] [] [] [schedule-pool-179031109860635] DEBUG c.a.r.s.m.C.selectConfigByContext - ==> Parameters: 1970-01-01 08:00:00.0(Timestamp)
2026-09-25 13:05:56.587 [] [] [] [] [schedule-pool-179031109860635] DEBUG c.a.r.s.m.C.selectConfigByContext - <==      Total: 0
2026-09-25 13:06:06.591 [] [] [] [] [schedule-pool-179031109860635] DEBUG c.a.r.s.m.C.selectConfigByContext - ==>  Preparing: select id, code, `group`, `value`, create_time, update_time, status, ver, is_delete from config WHERE update_time >= ? and is_delete != id
2026-09-25 13:06:06.591 [] [] [] [] [schedule-pool-179031109860635] DEBUG c.a.r.s.m.C.selectConfigByContext - ==> Parameters: 1970-01-01 08:00:00.0(Timestamp)
2026-09-25 13:06:06.593 [] [] [] [] [schedule-pool-179031109860635] DEBUG c.a.r.s.m.C.selectConfigByContext - <==      Total: 0
2026-09-25 13:06:16.599 [] [] [] [] [schedule-pool-179031109860635] DEBUG c.a.r.s.m.C.selectConfigByContext - ==>  Preparing: select id, code, `group`, `value`, create_time, update_time, status, ver, is_delete from config WHERE update_time >= ? and is_delete != id
2026-09-25 13:06:16.600 [] [] [] [] [schedule-pool-179031109860635] DEBUG c.a.r.s.m.C.selectConfigByContext - ==> Parameters: 1970-01-01 08:00:00.0(Timestamp)
2026-09-25 13:06:16.601 [] [] [] [] [schedule-pool-179031109860635] DEBUG c.a.r.s.m.C.selectConfigByContext - <==      Total: 0
2026-09-25 13:06:26.610 [] [] [] [] [schedule-pool-179031109860635] DEBUG c.a.r.s.m.C.selectConfigByContext - ==>  Preparing: select id, code, `group`, `value`, create_time, update_time, status, ver, is_delete from config WHERE update_time >= ? and is_delete != id
2026-09-25 13:06:26.610 [] [] [] [] [schedule-pool-179031109860635] DEBUG c.a.r.s.m.C.selectConfigByContext - ==> Parameters: 1970-01-01 08:00:00.0(Timestamp)
2026-09-25 13:06:26.612 [] [] [] [] [schedule-pool-179031109860635] DEBUG c.a.r.s.m.C.selectConfigByContext - <==      Total: 0
2026-09-25 13:06:36.617 [] [] [] [] [schedule-pool-179031109860635] DEBUG c.a.r.s.m.C.selectConfigByContext - ==>  Preparing: select id, code, `group`, `value`, create_time, update_time, status, ver, is_delete from config WHERE update_time >= ? and is_delete != id
2026-09-25 13:06:36.617 [] [] [] [] [schedule-pool-179031109860635] DEBUG c.a.r.s.m.C.selectConfigByContext - ==> Parameters: 1970-01-01 08:00:00.0(Timestamp)
2026-09-25 13:06:36.619 [] [] [] [] [schedule-pool-179031109860635] DEBUG c.a.r.s.m.C.selectConfigByContext - <==      Total: 0
2026-09-25 13:06:46.621 [] [] [] [] [schedule-pool-179031109860635] DEBUG c.a.r.s.m.C.selectConfigByContext - ==>  Preparing: select id, code, `group`, `value`, create_time, update_time, status, ver, is_delete from config WHERE update_time >= ? and is_delete != id
2026-09-25 13:06:46.621 [] [] [] [] [schedule-pool-179031109860635] DEBUG c.a.r.s.m.C.selectConfigByContext - ==> Parameters: 1970-01-01 08:00:00.0(Timestamp)
2026-09-25 13:06:46.623 [] [] [] [] [schedule-pool-179031109860635] DEBUG c.a.r.s.m.C.selectConfigByContext - <==      Total: 0
2026-09-25 13:06:56.630 [] [] [] [] [schedule-pool-179031109860635] DEBUG c.a.r.s.m.C.selectConfigByContext - ==>  Preparing: select id, code, `group`, `value`, create_time, update_time, status, ver, is_delete from config WHERE update_time >= ? and is_delete != id
2026-09-25 13:06:56.630 [] [] [] [] [schedule-pool-179031109860635] DEBUG c.a.r.s.m.C.selectConfigByContext - ==> Parameters: 1970-01-01 08:00:00.0(Timestamp)
2026-09-25 13:06:56.632 [] [] [] [] [schedule-pool-179031109860635] DEBUG c.a.r.s.m.C.selectConfigByContext - <==      Total: 0
2026-09-25 13:07:06.647 [] [] [] [] [schedule-pool-179031109860635] DEBUG c.a.r.s.m.C.selectConfigByContext - ==>  Preparing: select id, code, `group`, `value`, create_time, update_time, status, ver, is_delete from config WHERE update_time >= ? and is_delete != id
2026-09-25 13:07:06.647 [] [] [] [] [schedule-pool-179031109860635] DEBUG c.a.r.s.m.C.selectConfigByContext - ==> Parameters: 1970-01-01 08:00:00.0(Timestamp)
2026-09-25 13:07:06.648 [] [] [] [] [schedule-pool-179031109860635] DEBUG c.a.r.s.m.C.selectConfigByContext - <==      Total: 0
2026-09-25 13:07:16.653 [] [] [] [] [schedule-pool-179031109860635] DEBUG c.a.r.s.m.C.selectConfigByContext - ==>  Preparing: select id, code, `group`, `value`, create_time, update_time, status, ver, is_delete from config WHERE update_time >= ? and is_delete != id
2026-09-25 13:07:16.653 [] [] [] [] [schedule-pool-179031109860635] DEBUG c.a.r.s.m.C.selectConfigByContext - ==> Parameters: 1970-01-01 08:00:00.0(Timestamp)
2026-09-25 13:07:16.654 [] [] [] [] [schedule-pool-179031109860635] DEBUG c.a.r.s.m.C.selectConfigByContext - <==      Total: 0
2026-09-25 13:07:26.670 [] [] [] [] [schedule-pool-179031109860635] DEBUG c.a.r.s.m.C.selectConfigByContext - ==>  Preparing: select id, code, `group`, `value`, create_time, update_time, status, ver, is_delete from config WHERE update_time >= ? and is_delete != id
2026-09-25 13:07:26.670 [] [] [] [] [schedule-pool-179031109860635] DEBUG c.a.r.s.m.C.selectConfigByContext - ==> Parameters: 1970-01-01 08:00:00.0(Timestamp)
2026-09-25 13:07:26.674 [] [] [] [] [schedule-pool-179031109860635] DEBUG c.a.r.s.m.C.selectConfigByContext - <==      Total: 0
2026-09-25 13:07:36.684 [] [] [] [] [schedule-pool-179031109860635] DEBUG c.a.r.s.m.C.selectConfigByContext - ==>  Preparing: select id, code, `group`, `value`, create_time, update_time, status, ver, is_delete from config WHERE update_time >= ? and is_delete != id
2026-09-25 13:07:36.684 [] [] [] [] [schedule-pool-179031109860635] DEBUG c.a.r.s.m.C.selectConfigByContext - ==> Parameters: 1970-01-01 08:00:00.0(Timestamp)
2026-09-25 13:07:36.687 [] [] [] [] [schedule-pool-179031109860635] DEBUG c.a.r.s.m.C.selectConfigByContext - <==      Total: 0
2026-09-25 13:07:46.696 [] [] [] [] [schedule-pool-179031109860635] DEBUG c.a.r.s.m.C.selectConfigByContext - ==>  Preparing: select id, code, `group`, `value`, create_time, update_time, status, ver, is_delete from config WHERE update_time >= ? and is_delete != id
2026-09-25 13:07:46.696 [] [] [] [] [schedule-pool-179031109860635] DEBUG c.a.r.s.m.C.selectConfigByContext - ==> Parameters: 1970-01-01 08:00:00.0(Timestamp)
2026-09-25 13:07:46.697 [] [] [] [] [schedule-pool-179031109860635] DEBUG c.a.r.s.m.C.selectConfigByContext - <==      Total: 0
2026-09-25 13:07:56.701 [] [] [] [] [schedule-pool-179031109860635] DEBUG c.a.r.s.m.C.selectConfigByContext - ==>  Preparing: select id, code, `group`, `value`, create_time, update_time, status, ver, is_delete from config WHERE update_time >= ? and is_delete != id
2026-09-25 13:07:56.702 [] [] [] [] [schedule-pool-179031109860635] DEBUG c.a.r.s.m.C.selectConfigByContext - ==> Parameters: 1970-01-01 08:00:00.0(Timestamp)
2026-09-25 13:07:56.702 [] [] [] [] [schedule-pool-179031109860635] DEBUG c.a.r.s.m.C.selectConfigByContext - <==      Total: 0
2026-09-25 13:08:06.708 [] [] [] [] [schedule-pool-179031109860635] DEBUG c.a.r.s.m.C.selectConfigByContext - ==>  Preparing: select id, code, `group`, `value`, create_time, update_time, status, ver, is_delete from config WHERE update_time >= ? and is_delete != id
2026-09-25 13:08:06.708 [] [] [] [] [schedule-pool-179031109860635] DEBUG c.a.r.s.m.C.selectConfigByContext - ==> Parameters: 1970-01-01 08:00:00.0(Timestamp)
2026-09-25 13:08:06.711 [] [] [] [] [schedule-pool-179031109860635] DEBUG c.a.r.s.m.C.selectConfigByContext - <==      Total: 0
2026-09-25 13:08:16.719 [] [] [] [] [schedule-pool-179031109860635] DEBUG c.a.r.s.m.C.selectConfigByContext - ==>  Preparing: select id, code, `group`, `value`, create_time, update_time, status, ver, is_delete from config WHERE update_time >= ? and is_delete != id
2026-09-25 13:08:16.719 [] [] [] [] [schedule-pool-179031109860635] DEBUG c.a.r.s.m.C.selectConfigByContext - ==> Parameters: 1970-01-01 08:00:00.0(Timestamp)
2026-09-25 13:08:16.720 [] [] [] [] [schedule-pool-179031109860635] DEBUG c.a.r.s.m.C.selectConfigByContext - <==      Total: 0
2026-09-25 13:08:26.724 [] [] [] [] [schedule-pool-179031109860635] DEBUG c.a.r.s.m.C.selectConfigByContext - ==>  Preparing: select id, code, `group`, `value`, create_time, update_time, status, ver, is_delete from config WHERE update_time >= ? and is_delete != id
2026-09-25 13:08:26.724 [] [] [] [] [schedule-pool-179031109860635] DEBUG c.a.r.s.m.C.selectConfigByContext - ==> Parameters: 1970-01-01 08:00:00.0(Timestamp)
2026-09-25 13:08:26.726 [] [] [] [] [schedule-pool-179031109860635] DEBUG c.a.r.s.m.C.selectConfigByContext - <==      Total: 0
2026-09-25 13:08:36.730 [] [] [] [] [schedule-pool-179031109860635] DEBUG c.a.r.s.m.C.selectConfigByContext - ==>  Preparing: select id, code, `group`, `value`, create_time, update_time, status, ver, is_delete from config WHERE update_time >= ? and is_delete != id
2026-09-25 13:08:36.731 [] [] [] [] [schedule-pool-179031109860635] DEBUG c.a.r.s.m.C.selectConfigByContext - ==> Parameters: 1970-01-01 08:00:00.0(Timestamp)
2026-09-25 13:08:36.732 [] [] [] [] [schedule-pool-179031109860635] DEBUG c.a.r.s.m.C.selectConfigByContext - <==      Total: 0
2026-09-25 13:08:46.742 [] [] [] [] [schedule-pool-179031109860635] DEBUG c.a.r.s.m.C.selectConfigByContext - ==>  Preparing: select id, code, `group`, `value`, create_time, update_time, status, ver, is_delete from config WHERE update_time >= ? and is_delete != id
2026-09-25 13:08:46.742 [] [] [] [] [schedule-pool-179031109860635] DEBUG c.a.r.s.m.C.selectConfigByContext - ==> Parameters: 1970-01-01 08:00:00.0(Timestamp)
2026-09-25 13:08:46.743 [] [] [] [] [schedule-pool-179031109860635] DEBUG c.a.r.s.m.C.selectConfigByContext - <==      Total: 0
2026-09-25 13:08:56.747 [] [] [] [] [schedule-pool-179031109860635] DEBUG c.a.r.s.m.C.selectConfigByContext - ==>  Preparing: select id, code, `group`, `value`, create_time, update_time, status, ver, is_delete from config WHERE update_time >= ? and is_delete != id
2026-09-25 13:08:56.749 [] [] [] [] [schedule-pool-179031109860635] DEBUG c.a.r.s.m.C.selectConfigByContext - ==> Parameters: 1970-01-01 08:00:00.0(Timestamp)
2026-09-25 13:08:56.750 [] [] [] [] [schedule-pool-179031109860635] DEBUG c.a.r.s.m.C.selectConfigByContext - <==      Total: 0
2026-09-25 13:09:06.755 [] [] [] [] [schedule-pool-179031109860635] DEBUG c.a.r.s.m.C.selectConfigByContext - ==>  Preparing: select id, code, `group`, `value`, create_time, update_time, status, ver, is_delete from config WHERE update_time >= ? and is_delete != id
2026-09-25 13:09:06.757 [] [] [] [] [schedule-pool-179031109860635] DEBUG c.a.r.s.m.C.selectConfigByContext - ==> Parameters: 1970-01-01 08:00:00.0(Timestamp)
2026-09-25 13:09:06.758 [] [] [] [] [schedule-pool-179031109860635] DEBUG c.a.r.s.m.C.selectConfigByContext - <==      Total: 0
2026-09-25 13:09:16.761 [] [] [] [] [schedule-pool-179031109860635] DEBUG c.a.r.s.m.C.selectConfigByContext - ==>  Preparing: select id, code, `group`, `value`, create_time, update_time, status, ver, is_delete from config WHERE update_time >= ? and is_delete != id
2026-09-25 13:09:16.761 [] [] [] [] [schedule-pool-179031109860635] DEBUG c.a.r.s.m.C.selectConfigByContext - ==> Parameters: 1970-01-01 08:00:00.0(Timestamp)
2026-09-25 13:09:16.764 [] [] [] [] [schedule-pool-179031109860635] DEBUG c.a.r.s.m.C.selectConfigByContext - <==      Total: 0
2026-09-25 13:09:26.779 [] [] [] [] [schedule-pool-179031109860635] DEBUG c.a.r.s.m.C.selectConfigByContext - ==>  Preparing: select id, code, `group`, `value`, create_time, update_time, status, ver, is_delete from config WHERE update_time >= ? and is_delete != id
2026-09-25 13:09:26.779 [] [] [] [] [schedule-pool-179031109860635] DEBUG c.a.r.s.m.C.selectConfigByContext - ==> Parameters: 1970-01-01 08:00:00.0(Timestamp)
2026-09-25 13:09:26.783 [] [] [] [] [schedule-pool-179031109860635] DEBUG c.a.r.s.m.C.selectConfigByContext - <==      Total: 0
2026-09-25 13:09:36.787 [] [] [] [] [schedule-pool-179031109860635] DEBUG c.a.r.s.m.C.selectConfigByContext - ==>  Preparing: select id, code, `group`, `value`, create_time, update_time, status, ver, is_delete from config WHERE update_time >= ? and is_delete != id
2026-09-25 13:09:36.787 [] [] [] [] [schedule-pool-179031109860635] DEBUG c.a.r.s.m.C.selectConfigByContext - ==> Parameters: 1970-01-01 08:00:00.0(Timestamp)
2026-09-25 13:09:36.788 [] [] [] [] [schedule-pool-179031109860635] DEBUG c.a.r.s.m.C.selectConfigByContext - <==      Total: 0
2026-09-25 13:09:46.794 [] [] [] [] [schedule-pool-179031109860635] DEBUG c.a.r.s.m.C.selectConfigByContext - ==>  Preparing: select id, code, `group`, `value`, create_time, update_time, status, ver, is_delete from config WHERE update_time >= ? and is_delete != id
2026-09-25 13:09:46.794 [] [] [] [] [schedule-pool-179031109860635] DEBUG c.a.r.s.m.C.selectConfigByContext - ==> Parameters: 1970-01-01 08:00:00.0(Timestamp)
2026-09-25 13:09:46.794 [] [] [] [] [schedule-pool-179031109860635] DEBUG c.a.r.s.m.C.selectConfigByContext - <==      Total: 0
2026-09-25 13:09:56.800 [] [] [] [] [schedule-pool-179031109860635] DEBUG c.a.r.s.m.C.selectConfigByContext - ==>  Preparing: select id, code, `group`, `value`, create_time, update_time, status, ver, is_delete from config WHERE update_time >= ? and is_delete != id
2026-09-25 13:09:56.800 [] [] [] [] [schedule-pool-179031109860635] DEBUG c.a.r.s.m.C.selectConfigByContext - ==> Parameters: 1970-01-01 08:00:00.0(Timestamp)
2026-09-25 13:09:56.802 [] [] [] [] [schedule-pool-179031109860635] DEBUG c.a.r.s.m.C.selectConfigByContext - <==      Total: 0
2026-09-25 13:10:06.820 [] [] [] [] [schedule-pool-179031109860635] DEBUG c.a.r.s.m.C.selectConfigByContext - ==>  Preparing: select id, code, `group`, `value`, create_time, update_time, status, ver, is_delete from config WHERE update_time >= ? and is_delete != id
2026-09-25 13:10:06.820 [] [] [] [] [schedule-pool-179031109860635] DEBUG c.a.r.s.m.C.selectConfigByContext - ==> Parameters: 1970-01-01 08:00:00.0(Timestamp)
2026-09-25 13:10:06.821 [] [] [] [] [schedule-pool-179031109860635] DEBUG c.a.r.s.m.C.selectConfigByContext - <==      Total: 0
2026-09-25 13:10:16.834 [] [] [] [] [schedule-pool-179031109860635] DEBUG c.a.r.s.m.C.selectConfigByContext - ==>  Preparing: select id, code, `group`, `value`, create_time, update_time, status, ver, is_delete from config WHERE update_time >= ? and is_delete != id
2026-09-25 13:10:16.835 [] [] [] [] [schedule-pool-179031109860635] DEBUG c.a.r.s.m.C.selectConfigByContext - ==> Parameters: 1970-01-01 08:00:00.0(Timestamp)
2026-09-25 13:10:16.836 [] [] [] [] [schedule-pool-179031109860635] DEBUG c.a.r.s.m.C.selectConfigByContext - <==      Total: 0
2026-09-25 13:10:26.851 [] [] [] [] [schedule-pool-179031109860635] DEBUG c.a.r.s.m.C.selectConfigByContext - ==>  Preparing: select id, code, `group`, `value`, create_time, update_time, status, ver, is_delete from config WHERE update_time >= ? and is_delete != id
2026-09-25 13:10:26.851 [] [] [] [] [schedule-pool-179031109860635] DEBUG c.a.r.s.m.C.selectConfigByContext - ==> Parameters: 1970-01-01 08:00:00.0(Timestamp)
2026-09-25 13:10:26.852 [] [] [] [] [schedule-pool-179031109860635] DEBUG c.a.r.s.m.C.selectConfigByContext - <==      Total: 0
2026-09-25 13:10:36.869 [] [] [] [] [schedule-pool-179031109860635] DEBUG c.a.r.s.m.C.selectConfigByContext - ==>  Preparing: select id, code, `group`, `value`, create_time, update_time, status, ver, is_delete from config WHERE update_time >= ? and is_delete != id
2026-09-25 13:10:36.870 [] [] [] [] [schedule-pool-179031109860635] DEBUG c.a.r.s.m.C.selectConfigByContext - ==> Parameters: 1970-01-01 08:00:00.0(Timestamp)
2026-09-25 13:10:36.871 [] [] [] [] [schedule-pool-179031109860635] DEBUG c.a.r.s.m.C.selectConfigByContext - <==      Total: 0
2026-09-25 13:10:46.883 [] [] [] [] [schedule-pool-179031109860635] DEBUG c.a.r.s.m.C.selectConfigByContext - ==>  Preparing: select id, code, `group`, `value`, create_time, update_time, status, ver, is_delete from config WHERE update_time >= ? and is_delete != id
2026-09-25 13:10:46.883 [] [] [] [] [schedule-pool-179031109860635] DEBUG c.a.r.s.m.C.selectConfigByContext - ==> Parameters: 1970-01-01 08:00:00.0(Timestamp)
2026-09-25 13:10:46.884 [] [] [] [] [schedule-pool-179031109860635] DEBUG c.a.r.s.m.C.selectConfigByContext - <==      Total: 0
2026-09-25 13:10:56.891 [] [] [] [] [schedule-pool-179031109860635] DEBUG c.a.r.s.m.C.selectConfigByContext - ==>  Preparing: select id, code, `group`, `value`, create_time, update_time, status, ver, is_delete from config WHERE update_time >= ? and is_delete != id
2026-09-25 13:10:56.891 [] [] [] [] [schedule-pool-179031109860635] DEBUG c.a.r.s.m.C.selectConfigByContext - ==> Parameters: 1970-01-01 08:00:00.0(Timestamp)
2026-09-25 13:10:56.893 [] [] [] [] [schedule-pool-179031109860635] DEBUG c.a.r.s.m.C.selectConfigByContext - <==      Total: 0
2026-09-25 13:11:06.903 [] [] [] [] [schedule-pool-179031109860635] DEBUG c.a.r.s.m.C.selectConfigByContext - ==>  Preparing: select id, code, `group`, `value`, create_time, update_time, status, ver, is_delete from config WHERE update_time >= ? and is_delete != id
2026-09-25 13:11:06.903 [] [] [] [] [schedule-pool-179031109860635] DEBUG c.a.r.s.m.C.selectConfigByContext - ==> Parameters: 1970-01-01 08:00:00.0(Timestamp)
2026-09-25 13:11:06.904 [] [] [] [] [schedule-pool-179031109860635] DEBUG c.a.r.s.m.C.selectConfigByContext - <==      Total: 0
2026-09-25 13:11:16.914 [] [] [] [] [schedule-pool-179031109860635] DEBUG c.a.r.s.m.C.selectConfigByContext - ==>  Preparing: select id, code, `group`, `value`, create_time, update_time, status, ver, is_delete from config WHERE update_time >= ? and is_delete != id
2026-09-25 13:11:16.915 [] [] [] [] [schedule-pool-179031109860635] DEBUG c.a.r.s.m.C.selectConfigByContext - ==> Parameters: 1970-01-01 08:00:00.0(Timestamp)
2026-09-25 13:11:16.916 [] [] [] [] [schedule-pool-179031109860635] DEBUG c.a.r.s.m.C.selectConfigByContext - <==      Total: 0
2026-09-25 13:11:26.938 [] [] [] [] [schedule-pool-179031109860635] DEBUG c.a.r.s.m.C.selectConfigByContext - ==>  Preparing: select id, code, `group`, `value`, create_time, update_time, status, ver, is_delete from config WHERE update_time >= ? and is_delete != id
2026-09-25 13:11:26.938 [] [] [] [] [schedule-pool-179031109860635] DEBUG c.a.r.s.m.C.selectConfigByContext - ==> Parameters: 1970-01-01 08:00:00.0(Timestamp)
2026-09-25 13:11:26.941 [] [] [] [] [schedule-pool-179031109860635] DEBUG c.a.r.s.m.C.selectConfigByContext - <==      Total: 0
2026-09-25 13:11:36.957 [] [] [] [] [schedule-pool-179031109860635] DEBUG c.a.r.s.m.C.selectConfigByContext - ==>  Preparing: select id, code, `group`, `value`, create_time, update_time, status, ver, is_delete from config WHERE update_time >= ? and is_delete != id
2026-09-25 13:11:36.957 [] [] [] [] [schedule-pool-179031109860635] DEBUG c.a.r.s.m.C.selectConfigByContext - ==> Parameters: 1970-01-01 08:00:00.0(Timestamp)
2026-09-25 13:11:36.959 [] [] [] [] [schedule-pool-179031109860635] DEBUG c.a.r.s.m.C.selectConfigByContext - <==      Total: 0
2026-09-25 13:11:46.972 [] [] [] [] [schedule-pool-179031109860635] DEBUG c.a.r.s.m.C.selectConfigByContext - ==>  Preparing: select id, code, `group`, `value`, create_time, update_time, status, ver, is_delete from config WHERE update_time >= ? and is_delete != id
2026-09-25 13:11:46.972 [] [] [] [] [schedule-pool-179031109860635] DEBUG c.a.r.s.m.C.selectConfigByContext - ==> Parameters: 1970-01-01 08:00:00.0(Timestamp)
2026-09-25 13:11:46.976 [] [] [] [] [schedule-pool-179031109860635] DEBUG c.a.r.s.m.C.selectConfigByContext - <==      Total: 0
